borough,name,halal,restaurant_id,cuisine,rating,user_id,reviews,lat,lng,place_id
Barking and Dagenham ,Lara Grill ,Yes,1,Turkish,4,,,51.57478,0.174409971,
Barking and Dagenham ,Wood Oven ,Yes,2,Turkish,,,,51.57478,0.174409971,
Barking and Dagenham ,Cristina's Steak ,Yes,3,Steak,,,,51.57478,0.174409971,
Barking and Dagenham ,De Roya,Yes,4,Mediterranean ,,,,51.57478,0.174409971,
Barking and Dagenham ,22 Ventiude ,No,5,Italian,,,,51.57478,0.174409971,
Barking and Dagenham ,River Restaurant ,Yes,6,Mediterranean ,,,,51.57478,0.174409971,
Barking and Dagenham ,Upper Grill Restaurant & Coffee Bar ,Yes,7,Grill/Kebab,,,,51.57478,0.174409971,
Barking and Dagenham ,Eastern Paradise ,No,8,Modern European ,,,,51.57478,0.174409971,
Barking and Dagenham ,La Masa Restaurant Romanesc,No,9,Modern European ,,,,51.57478,0.174409971,
Barking and Dagenham ,Pitta Santorini,No,10,Mediterranean ,,,,51.57478,0.174409971,
Barking and Dagenham ,Balkans - Mediterranean Cuisne and Coffee,Yes,11,Mediterranean ,,,,51.57478,0.174409971,
Barking and Dagenham ,Ariana Restaurant ,Yes,12,South Asian ,,,,51.57478,0.174409971,
Barking and Dagenham ,Thatched House Pub ,No,13,Modern European ,,,,51.57478,0.174409971,
Barking and Dagenham ,Nagina Grill & Restaurant ,Yes,14,Grill/Kebab,,,,51.57478,0.174409971,
Barking and Dagenham ,Bela Lisboa ,No,15,Italian ,,,,51.57478,0.174409971,
Barking and Dagenham ,Nando's Barking ,Yes,16,Grill/Kebab,,,,51.57478,0.174409971,
Barking and Dagenham ,Khyber Grill ,Yes,17,Grill/Kebab,,,,51.57478,0.174409971,
Barking and Dagenham ,De lounge ,Yes,18,Mediterranean ,,,,51.57478,0.174409971,
Barking and Dagenham ,Whap Whap Kitchen ,No,19,Caribbean ,,,,51.57478,0.174409971,
Barking and Dagenham ,Street Kitchen - Café and Restaurant ,Yes,20,Café,,,,51.57478,0.174409971,
Barking and Dagenham ,Myla's Café & Restaurant ,Yes,21,Café,,,,51.57478,0.174409971,
Barking and Dagenham ,Palwan Da Dera ,Yes,22,South Asian ,,,,51.57478,0.174409971,
Barking and Dagenham ,Blossom Garden ,Yes,23,Chinese ,,,,51.57478,0.174409971,
Barking and Dagenham ,Jerkpit Caribbean Smokey Grill ,Yes,24,Caribbean ,,,,51.57478,0.174409971,
Barking and Dagenham ,Humdum Restaurant ,Yes,25,South Asian ,,,,51.57478,0.174409971,
Barking and Dagenham ,Bayleaf ,Yes,26,South Asian ,,,,51.57478,0.174409971,
Barking and Dagenham ,Charcoal Grill Kebab Dagenham ,Yes,27,Grill/Kebab,,,,51.57478,0.174409971,
Barking and Dagenham ,Grill Villa ,Yes,28,Grill/Kebab,,,,51.57478,0.174409971,
Barking and Dagenham ,Sanjha Chulha ,Yes,29,South Asian ,,,,51.57478,0.174409971,
Barking and Dagenham ,Marinate ,Yes,30,South Asian ,,,,51.57478,0.174409971,
Barking and Dagenham ,German Donner Kebab (GDK),Yes,31,Kebab ,,,,51.57478,0.174409971,
Barking and Dagenham ,The Lucky Inn,Yes,32,Chinese ,,,,51.57478,0.174409971,
Barking and Dagenham ,Indian Curry and Grill ,Yes,33,South Asian ,,,,51.57478,0.174409971,
Barking and Dagenham ,Big Breakfast Café,No,34,Café,,,,51.57478,0.174409971,
Barking and Dagenham ,Pizza Pazzi,No,35,Italian ,,,,51.57478,0.174409971,
Barking and Dagenham ,Tasty African Food ,No,36,African ,,,,51.57478,0.174409971,
Barking and Dagenham ,Angles Kebab Dangenham ,Yes,37,Grill/Kebab,,,,51.57478,0.174409971,
Barking and Dagenham ,Fu Min ,Yes,38,Chinese ,,,,51.57478,0.174409971,
Barking and Dagenham ,George's Fish Bar,Yes,39,Fast Food,,,,51.57478,0.174409971,
Barking and Dagenham ,Abike Oloogun Ebi Kitchen ,No,40,African ,,,,51.57478,0.174409971,
Barking and Dagenham ,Sun Sing ,No,41,Chinese ,,,,51.57478,0.174409971,
Barking and Dagenham ,Chicken Guys Barking,Yes,42,Fast Food,,,,51.57478,0.174409971,
Barking and Dagenham ,Merhaba ,Yes,43,Turkish,,,,51.57478,0.174409971,
Barking and Dagenham ,Tasty African Food (Green Lane),No,44,African ,,,,51.57478,0.174409971,
Barking and Dagenham ,Kebabish ,Yes,45,Grill/Kebab,,,,51.57478,0.174409971,
Barking and Dagenham ,Top Deck Fish & Kebab Restaurant ,Yes,46,Fast Food,,,,51.57478,0.174409971,
Barking and Dagenham ,Royal Dolphin | Dagenham ,Yes,47,Fast Food,,,,51.57478,0.174409971,
Barking and Dagenham ,Roadhouse Grill,Yes,48,Grill/Kebab,,,,51.57478,0.174409971,
Barking and Dagenham ,Donner Box,Yes,49,Fast Food,,,,51.57478,0.174409971,
Barking and Dagenham ,Robin Hood Fish Bar,Yes,50,Fast Food,,,,51.57478,0.174409971,
Barking and Dagenham ,Spice Box ,Yes,51,Fast Food,,,,51.57478,0.174409971,
Barking and Dagenham ,Popeye's Fish and Kebab,Yes,52,Fast Food,,,,51.57478,0.174409971,
Barking and Dagenham ,Spice Hut - Chadwell Heath ,Yes,53,Fast Food,,,,51.57478,0.174409971,
Barnet ,Pinch of Salt ,No,54,Modern European ,,,,51.52709499,-0.066825704,
Barnet ,L'artte Restaurant ,No,55,Italian,,,,51.52709499,-0.066825704,
Barnet ,Skewd Kitchen ,Yes,56,Turkish,,,,51.52709499,-0.066825704,
Barnet ,Deraliye ,Yes,57,Turkish,,,,51.52709499,-0.066825704,
Barnet ,Deserie Restaurant ,Yes,58,Turkish,,,,51.52709499,-0.066825704,
Barnet ,Bramleys Restaurant ,Yes,59,Modern European ,,,,51.52709499,-0.066825704,
Barnet ,Shakespeare,Yes,60,Modern European ,,,,51.52709499,-0.066825704,
Barnet ,Haven Bistro & Bar,Yes,61,Café,,,,51.52709499,-0.066825704,
Barnet ,Golden Palace,Yes,62,Grill/Kebab,,,,51.52709499,-0.066825704,
Barnet ,Marlo's Brasserie ,Yes,63,Modern European ,,,,51.52709499,-0.066825704,
Barnet ,Grab or Dine ,Yes,64,Fast Food,,,,51.52709499,-0.066825704,
Barnet ,El Vaquero ,No,65,Italian ,,,,51.52709499,-0.066825704,
Barnet ,Viet Chefs,No,66,Pan Asian,,,,51.52709499,-0.066825704,
Barnet ,Cock Inn,No,67,Modern European ,,,,51.52709499,-0.066825704,
Barnet ,Izgara Restaurant ,Yes,68,Turkish,,,,51.52709499,-0.066825704,
Barnet ,Bayleaf Restaurant ,Yes,69,South Asian ,,,,51.52709499,-0.066825704,
Barnet ,Buono Wood Fired Pizza,No,70,Italian ,,,,51.52709499,-0.066825704,
Barnet ,Miracles ,No,71,Café,,,,51.52709499,-0.066825704,
Barnet ,De Franco Ristorante Italiano ,No,72,Italian ,,,,51.52709499,-0.066825704,
Barnet ,Chippers Ltd,Yes,73,Fast Food,,,,51.52709499,-0.066825704,
Barnet ,Grande Café Bar,Yes,74,Café,,,,51.52709499,-0.066825704,
Barnet ,Areti Tandoori ,Yes,75,South Asian ,,,,51.52709499,-0.066825704,
Barnet ,Sofalino ,No,76,Italian,,,,51.52709499,-0.066825704,
Barnet ,Builders Arms ,No,77,Modern European ,,,,51.52709499,-0.066825704,
Barnet ,Kiyoto Sushi Cockfosters,No,78,Japanese ,,,,51.52709499,-0.066825704,
Barnet ,Sunshine Garden Café,Yes,79,Café,,,,51.52709499,-0.066825704,
Barnet ,Istanbul Restaurant Finchley ,Yes,80,Turkish,,,,51.52709499,-0.066825704,
Barnet ,Red Onion ,Yes,81,South Asian ,,,,51.52709499,-0.066825704,
Barnet ,Shayan Grill / Izmir Kebab,Yes,82,Grill/Kebab,,,,51.52709499,-0.066825704,
Barnet ,Tuktuk,Yes,83,South Asian ,,,,51.52709499,-0.066825704,
Barnet ,L'Mour Lounge ,Yes,84,Mediterranean ,,,,51.52709499,-0.066825704,
Barnet ,Thai House ,Yes,85,Pan Asian,,,,51.52709499,-0.066825704,
Barnet ,Tops Fish Bar,Yes,86,Fast Food,,,,51.52709499,-0.066825704,
Barnet ,Ferny Hill Farm ,No,87,Café,,,,51.52709499,-0.066825704,
Barnet ,Popeyes Fish and Chips Kebab,Yes,88,Fast Food,,,,51.52709499,-0.066825704,
Barnet ,Lord Kitchener,No,89,Modern European,,,,51.52709499,-0.066825704,
Barnet ,Angel Café,Yes,90,Café,,,,51.52709499,-0.066825704,
Barnet ,Fortune Cat,Yes,91,Café,,,,51.52709499,-0.066825704,
Barnet ,Burger Giant,Yes,92,Fast Food,,,,51.52709499,-0.066825704,
Barnet ,Anuraag Tandoori,Yes,93,South Asian ,,,,51.52709499,-0.066825704,
Barnet ,Barnet Star Kebab,Yes,94,Grill/Kebab,,,,51.52709499,-0.066825704,
Barnet ,Hot Milk,Yes,95,South Asian ,,,,51.52709499,-0.066825704,
Barnet ,Chutney's ,Yes,96,South Asian ,,,,51.52709499,-0.066825704,
Barnet ,Shah Abbas Restaurant ,Yes,97,South Asian ,,,,51.52709499,-0.066825704,
Barnet ,Akatuki Muswell Hill,No,98,Japanese ,,,,51.52709499,-0.066825704,
Barnet ,Burger Giant ,Yes,99,Fast Food,,,,51.52709499,-0.066825704,
Barnet ,Spicy Thai ,No,100,Pan Asian,,,,51.52709499,-0.066825704,
Barnet ,The Banc ,Yes,101,Mediterranean ,,,,51.52709499,-0.066825704,
Barnet ,East Barnet Curry House ,Yes,102,South Asian ,,,,51.52709499,-0.066825704,
Barnet ,Tlemcen Lounge ,Yes,103,Mediterranean ,,,,51.52709499,-0.066825704,
Barnet ,Spud Boy ,Yes,104,Fast Food,,,,51.52709499,-0.066825704,
Barnet ,You Me Sushi ,Yes,105,Japanese ,,,,51.52709499,-0.066825704,
Bexley ,Ferrari's Italian Restaurant Bexley ,No,106,Italian ,,,,51.45207772,0.069931036,
Bexley ,Bexley Kitchen,No,107,Mediterranean ,,,,51.45207772,0.069931036,
Bexley ,Old Bexley Greek Taverna ,No,108,Mediterranean ,,,,51.45207772,0.069931036,
Bexley ,Wingit Co Bexley ,No,109,Fast Food,,,,51.45207772,0.069931036,
Bexley ,Miller & Carter Bexley,No,110,Steak,,,,51.45207772,0.069931036,
Bexley ,Thai Spicy ,Yes,111,Pan Asian,,,,51.45207772,0.069931036,
Bexley ,Anzar Brasserie ,No,112,Café,,,,51.45207772,0.069931036,
Bexley ,The Anchor ,No,113,Modern European,,,,51.45207772,0.069931036,
Bexley ,Delicio (Bexleyheath),No,114,Café,,,,51.45207772,0.069931036,
Bexley ,Tanyard Lane Bar & Kitchen,Yes,115,Modern European,,,,51.45207772,0.069931036,
Bexley ,Stuzzichini,No,116,Italian ,,,,51.45207772,0.069931036,
Bexley ,Cobans Kitchen Bexleyheath ,Yes,117,Turkish,,,,51.45207772,0.069931036,
Bexley ,The Three Blackbirds ,No,118,Grill/Kebab,,,,51.45207772,0.069931036,
Bexley ,Greek Souvlaki ,No,119,Mediterranean ,,,,51.45207772,0.069931036,
Bexley ,Hazine ,No,120,Mediterranean ,,,,51.45207772,0.069931036,
Bexley ,Topaki Grill and Mezze,Yes,121,Turkish,,,,51.45207772,0.069931036,
Bexley ,Istanbul Kitchen,Yes,122,Turkish,,,,51.45207772,0.069931036,
Bexley ,Kebab Bexley,Yes,123,Grill/Kebab,,,,51.45207772,0.069931036,
Bexley ,Lord Hill ,No,124,Modern European,,,,51.45207772,0.069931036,
Bexley ,Melucci's Italian Deli ,No,125,Italian ,,,,51.45207772,0.069931036,
Bexley ,The M Kitchen ,Yes,126,Mediterranean ,,,,51.45207772,0.069931036,
Bexley ,Giggling Sausage ,No,127,Modern European ,,,,51.45207772,0.069931036,
Bexley ,Base Camp Lounge & Restaurant ,No,128,Modern European ,,,,51.45207772,0.069931036,
Bexley ,Beirut City Lebanese ,Yes,129,Lebanese,,,,51.45207772,0.069931036,
Bexley ,Albany Grill,Yes,130,Lebanese,,,,51.45207772,0.069931036,
Bexley ,Kesar ,Yes,131,South Asian ,,,,51.45207772,0.069931036,
Bexley ,Chinagaga,No,132,South Asian ,,,,51.45207772,0.069931036,
Bexley ,Nando's Bexleyheath,No,133,African ,,,,51.45207772,0.069931036,
Bexley ,Phi 3 Mien ,No,134,Pan Asian,,,,51.45207772,0.069931036,
Bexley ,Noodle Stop ,Yes,135,Pan Asian,,,,51.45207772,0.069931036,
Brent ,Marugame Udon ,Yes,136,Japanese ,,,,51.60978312,-0.194672008,
Brent ,Fuego Bar & Restaurant,No,137,Modern European,,,,51.60978312,-0.194672008,
Brent ,Mesalchi By Atul Kochhar,Yes,138,South Asian ,,,,51.60978312,-0.194672008,
Brent ,B Bagel Brent Cross,Yes,139,Café,,,,51.60978312,-0.194672008,
Brent ,Wagamama Brent Cross,No,140,Japanese ,,,,51.60978312,-0.194672008,
Brent ,Its All Greek To Me,No,141,Mediterranean ,,,,51.60978312,-0.194672008,
Brent ,Nando's Brent Cross ,No,142,African ,,,,51.60978312,-0.194672008,
Brent ,Happy Face Pizza Brent Cross,No,143,Italian ,,,,51.60978312,-0.194672008,
Brent ,Haute Dolci ,Yes,144,Café,,,,51.60978312,-0.194672008,
Brent ,Chaiiwala,Yes,145,South Asian ,,,,51.60978312,-0.194672008,
Brent ,Wamimichi Noodle Bar,Yes,146,Pan Asian,,,,51.60978312,-0.194672008,
Brent ,Bagel Bar Grill House,Yes,147,South Asian ,,,,51.60978312,-0.194672008,
Brent ,Mezze Grill,Yes,148,Turkish,,,,51.60978312,-0.194672008,
Brent ,Hevenly Desserts,Yes,149,Café,,,,51.60978312,-0.194672008,
Brent ,Station31 Indian and Indo Chinese,Yes,150,South Asian ,,,,51.60978312,-0.194672008,
Brent ,Le Beirut,Yes,151,Lebanese,,,,51.60978312,-0.194672008,
Brent ,Samis Restaurant ,Yes,152,Lebanese,,,,51.60978312,-0.194672008,
Brent ,Bombay Chow Indian ,Yes,153,South Asian ,,,,51.60978312,-0.194672008,
Brent ,Beit el Zaytoun ,Yes,154,Lebanese,,,,51.60978312,-0.194672008,
Brent ,Grill & Crunch ,Yes,155,Grill/Kebab,,,,51.60978312,-0.194672008,
Brent ,Aladin Kebabish ,Yes,156,Grill/Kebab,,,,51.60978312,-0.194672008,
Brent ,Hummus Bar Hendon ,Yes,157,Turkish,,,,51.60978312,-0.194672008,
Brent ,Taste of Lahore ,Yes,158,South Asian ,,,,51.60978312,-0.194672008,
Brent ,Wang Tai Restaurant ,Yes,159,Pan Asian,,,,51.60978312,-0.194672008,
Brent ,Likya Turkish Restaurant ,Yes,160,Turkish,,,,51.60978312,-0.194672008,
Brent ,Reindeer Café ,Yes,161,Café,,,,51.60978312,-0.194672008,
Brent ,Madura Kitchen,Yes,162,Lebanese,,,,51.60978312,-0.194672008,
Brent ,Kadiri's ,Yes,163,Lebanese,,,,51.60978312,-0.194672008,
Brent ,Desi Dhaba ,Yes,164,South Asian ,,,,51.60978312,-0.194672008,
Brent ,Senator Lounge,Yes,165,Modern European ,,,,51.60978312,-0.194672008,
Brent ,Soor Lounge ,Yes,166,Modern European ,,,,51.60978312,-0.194672008,
Brent ,Anajanaas Restaurant ,Yes,167,South Asian ,,,,51.60978312,-0.194672008,
Brent ,Tigerbay Shisha Lounge ,Yes,168,Mediterranean ,,,,51.60978312,-0.194672008,
Brent ,Taste oF Lahore - Cricklewood ,Yes,169,South Asian ,,,,51.60978312,-0.194672008,
Brent ,Chai and Chapati ,Yes,170,South Asian ,,,,51.60978312,-0.194672008,
Brent ,Lezzet Kitchen ,Yes,171,Turkish,,,,51.60978312,-0.194672008,
Brent ,Ya Hela Restaurant ,Yes,172,Turkish,,,,51.60978312,-0.194672008,
Brent ,Sakonis ,Yes,173,Turkish,,,,51.60978312,-0.194672008,
Brent ,Burger Bitez,Yes,174,Fast Food,,,,51.60978312,-0.194672008,
Brent ,Bang Bang Oriental Foodhall ,Yes,175,Pan Asian,,,,51.60978312,-0.194672008,
Bromley ,Havet Restaurant ,Yes,176,Turkish,,,,51.60151057,-0.06636508,
Bromley ,Smoque Bromley ,Yes,177,Turkish,,,,51.60151057,-0.06636508,
Bromley ,Branded Bromley ,No,178,Steak,,,,51.60151057,-0.06636508,
Bromley ,Copper Ceylon,Yes,179,South Asian ,,,,51.60151057,-0.06636508,
Bromley ,Aqua Bar & Grill ,Yes,180,Modern European ,,,,51.60151057,-0.06636508,
Bromley ,Azaaya Bar & Restaurant ,No,181,Modern European ,,,,51.60151057,-0.06636508,
Bromley ,Blue Harbour London ,No,182,Japanese ,,,,51.60151057,-0.06636508,
Bromley ,Sweet Jerk Bromley ,No,183,Caribbean ,,,,51.60151057,-0.06636508,
Bromley ,Texas Jacks ,No,184,American,,,,51.60151057,-0.06636508,
Bromley ,Franco Manca Bromley ,No,185,Italian ,,,,51.60151057,-0.06636508,
Bromley ,Chopstix - Bromley ,Yes,186,Pan Asian,,,,51.60151057,-0.06636508,
Bromley ,Ocean Basket Bromley ,No,187,Modern European,,,,51.60151057,-0.06636508,
Bromley ,Wagamama Bromley,Yes,188,Japanese ,,,,51.60151057,-0.06636508,
Bromley ,Marlowe's Burger Bromley ,No,189,Fast Food,,,,51.60151057,-0.06636508,
Bromley ,Mittee Indian Restaurant ,Yes,190,South Asian ,,,,51.60151057,-0.06636508,
Bromley ,Sakari Yatai ,Yes,191,Pan Asian,,,,51.60151057,-0.06636508,
Bromley ,Truffles Bromley ,No,192,Modern European,,,,51.60151057,-0.06636508,
Bromley ,Tugra Restaurant ,Yes,193,Turkish,,,,51.60151057,-0.06636508,
Bromley ,Lezz-et Mangal ,No,194,Turkish,,,,51.60151057,-0.06636508,
Bromley ,Madras Accent ,Yes,195,South Asian ,,,,51.60151057,-0.06636508,
Bromley ,Wingstop Bromley ,Yes,196,American,,,,51.60151057,-0.06636508,
Bromley ,Papayaya,Yes,197,South Asian ,,,,51.60151057,-0.06636508,
Bromley ,Tamasha ,Yes,198,South Asian ,,,,51.60151057,-0.06636508,
Bromley ,Nam Thai Restaurant ,Yes,199,Pan Asian,,,,51.60151057,-0.06636508,
Bromley ,Rangoli Nest,Yes,200,South Asian ,,,,51.60151057,-0.06636508,
Bromley ,Don Giovanni Restaurant ,Yes,201,South Asian ,,,,51.60151057,-0.06636508,
Bromley ,Bowl O'Pho,No,202,Pan Asian,,,,51.60151057,-0.06636508,
Bromley ,Miso Noodle Bar Bromley ,No,203,Pan Asian,,,,51.60151057,-0.06636508,
Bromley ,Kokoro Bromley ,Yes,204,Japanese ,,,,51.60151057,-0.06636508,
Bromley ,1917 Chilli Café,Yes,205,South Asian ,,,,51.60151057,-0.06636508,
Bromley ,Shampan - Indian Restaurant ,No,206,South Asian ,,,,51.60151057,-0.06636508,
Bromley ,Nando's Bromley ,No,207,African ,,,,51.60151057,-0.06636508,
Bromley ,Biter's Hayes ,No,208,Fast Food,,,,51.60151057,-0.06636508,
Bromley ,Salt & Batter ,No,209,Fast Food,,,,51.60151057,-0.06636508,
Bromley ,Yoi Sushi Bromley ,No,210,Japanese ,,,,51.60151057,-0.06636508,
Bromley ,Vunch Café ,No,211,Café,,,,51.60151057,-0.06636508,
Bromley ,Medley Bar & Kitchen ,No,212,American,,,,51.60151057,-0.06636508,
Bromley ,Indian Essence ,Yes,213,South Asian ,,,,51.60151057,-0.06636508,
Bromley ,Mekan Restaurant ,Yes,214,Turkish,,,,51.60151057,-0.06636508,
Bromley ,Montague's Sushi ,No,215,Japanese,,,,51.60151057,-0.06636508,
Bromley ,Five Guys Bromley ,No,216,American,,,,51.60151057,-0.06636508,
Bromley ,Spice Garden - Bromley ,No,217,South Asian ,,,,51.60151057,-0.06636508,
Bromley ,Creams Café Bromley ,Yes,218,Café,,,,51.60151057,-0.06636508,
Bromley ,Fish and Grill Bromley,No,219,Fast Food,,,,51.60151057,-0.06636508,
Bromley ,Grounded ,Yes,220,Café,,,,51.60151057,-0.06636508,
Bromley ,Bromley Kebab & Pizaa House,No,221,Grill/Kebab,,,,51.60151057,-0.06636508,
Camden ,Frida Camden ,No,222,American,,,,51.53236,-0.12796,
Camden ,Namaaste Kitchen ,Yes,223,South Asian ,,,,51.53236,-0.12796,
Camden ,Laz,Yes,224,Turkish,,,,51.53236,-0.12796,
Camden ,The Blues Kitchen Camden ,No,225,Modern European,,,,51.53236,-0.12796,
Camden ,Band of Burgers - Camden ,Yes,226,Fast Food,,,,51.53236,-0.12796,
Camden ,The Mac Factory ,Yes,227,Fast Food,,,,51.53236,-0.12796,
Camden ,Honest Burgers Camden ,No,228,Fast Food,,,,51.53236,-0.12796,
Camden ,Zala Grill ,Yes,229,Grill/Kebab,,,,51.53236,-0.12796,
Camden ,Turtle Bay Camden ,No,230,American,,,,51.53236,-0.12796,
Camden ,Camden BBQ,Yes,231,Fast Food,,,,51.53236,-0.12796,
Camden ,BUK Camden ,Yes,232,Fast Food,,,,51.53236,-0.12796,
Camden ,Sapores,Yes,233,Modern European ,,,,51.53236,-0.12796,
Camden ,Chicken Shop Camden ,Yes,234,Fast Food,,,,51.53236,-0.12796,
Camden ,Wagamama Camden ,Yes,235,Japanese ,,,,51.53236,-0.12796,
Camden ,Yaki Box ,Yes,236,Japanese,,,,51.53236,-0.12796,
Camden ,WNGZ Camden ,Yes,237,Fast Food,,,,51.53236,-0.12796,
Camden ,Hala Wala ,Yes,238,Lebanese,,,,51.53236,-0.12796,
Camden ,Asador Camden ,Yes,239,Steak,,,,51.53236,-0.12796,
Camden ,Lumi Café,Yes,240,Café,,,,51.53236,-0.12796,
Camden ,Leon's Greek Kitchen ,Yes,241,Mediterranean ,,,,51.53236,-0.12796,
Camden ,Pho Kae Noddle Bar,No,242,Pan Asian,,,,51.53236,-0.12796,
Camden ,Shrimp Shack Camden ,Yes,243,Pan Asian,,,,51.53236,-0.12796,
Camden ,Leon Camden ,Yes,244,Café,,,,51.53236,-0.12796,
Camden ,Burger and Beyond Camden Lock ,Yes,245,Fast Food,,,,51.53236,-0.12796,
Camden ,Bunsik,Yes,246,Korean,,,,51.53236,-0.12796,
Camden ,Woody Grill Camden ,Yes,247,Grill/Kebab,,,,51.53236,-0.12796,
Camden ,Hot Pot Camden ,No,248,Pan Asian,,,,51.53236,-0.12796,
Camden ,Black Bear Burger Camden ,No,249,Fast Food,,,,51.53236,-0.12796,
Camden ,Jungla London ,No,250,Mediterranean ,,,,51.53236,-0.12796,
Camden ,Spice Hut Camden,Yes,251,Fast Food,,,,51.53236,-0.12796,
Camden ,Nando's Camden ,No,252,African ,,,,51.53236,-0.12796,
Croydon,Little Bay Croydon ,No,253,Modern European,,,,51.59347999,-0.083419969,
Croydon,Mithras Turkish Mediterranean ,Yes,254,Turkish,,,,51.59347999,-0.083419969,
Croydon,Turtle Bay Croydon,No,255,American,,,,51.59347999,-0.083419969,
Croydon,Taste of Kerala,No,256,South Asian ,,,,51.59347999,-0.083419969,
Croydon,Boulevard ,No,257,Modern European,,,,51.59347999,-0.083419969,
Croydon,Chopstix - Croydon,Yes,258,Pan Asian,,,,51.59347999,-0.083419969,
Croydon,Ayat Kitchen Lounge ,Yes,259,Mediterranean ,,,,51.59347999,-0.083419969,
Croydon,Bakhan Restaurant - Croydon ,Yes,260,Mediterranean ,,,,51.59347999,-0.083419969,
Croydon,Machan Kitchen ,Yes,261,South Asian ,,,,51.59347999,-0.083419969,
Croydon,Crispy Dosa - Croydon ,Yes,262,South Asian ,,,,51.59347999,-0.083419969,
Croydon,Cheatmeals - Croydon,Yes,263,Fast Food,,,,51.59347999,-0.083419969,
Croydon,Wagamama - Croydon,No,264,Japanese ,,,,51.59347999,-0.083419969,
Croydon,Vera Grill & Bar,Yes,265,Grill/Kebab,,,,51.59347999,-0.083419969,
Croydon,Donburi & Co Croydon,No,266,Korean,,,,51.59347999,-0.083419969,
Croydon,Mahala,Yes,267,South Asian ,,,,51.59347999,-0.083419969,
Croydon,Abshar Restaurant ,Yes,268,South Asian ,,,,51.59347999,-0.083419969,
Croydon,Paratha Inn,Yes,269,South Asian ,,,,51.59347999,-0.083419969,
Croydon,Enish Croydon,No,270,African ,,,,51.59347999,-0.083419969,
Croydon,Noto Restaurant ,No,271,Italian ,,,,51.59347999,-0.083419969,
Croydon,4 Locos Argentine Steakhouse,Yes,272,Steak,,,,51.59347999,-0.083419969,
Croydon,Shah Karahi Halal,Yes,273,South Asian ,,,,51.59347999,-0.083419969,
Croydon,Bao Bao,Yes,274,Pan Asian,,,,51.59347999,-0.083419969,
Croydon,Saffron Indian Restaurant ,Yes,275,South Asian ,,,,51.59347999,-0.083419969,
Croydon,Lamar ,Yes,276,South Asian ,,,,51.59347999,-0.083419969,
Croydon,Planet Spice,Yes,277,South Asian ,,,,51.59347999,-0.083419969,
Croydon,Anna's Thai Restaurant ,No,278,Pan Asian,,,,51.59347999,-0.083419969,
Croydon,Dera Niazi ,No,279,South Asian ,,,,51.59347999,-0.083419969,
Croydon,Slug & Lettuce - Croydon ,No,280,American,,,,51.59347999,-0.083419969,
Croydon,The Breakfast Club - Croydon ,No,281,American,,,,51.59347999,-0.083419969,
Croydon,Amera Rani ,Yes,282,South Asian ,,,,51.59347999,-0.083419969,
Croydon,Spice n Ice ,Yes,283,South Asian ,,,,51.59347999,-0.083419969,
Croydon,Roosters Piri Piri Croydon,Yes,284,Fast Food,,,,51.59347999,-0.083419969,
Croydon,Amigos Burger Lounge & Shisha ,Yes,285,Fast Food,,,,51.59347999,-0.083419969,
Croydon,Chat House Indian Restaurant ,Yes,286,South Asian ,,,,51.59347999,-0.083419969,
Croydon,Taste of Bengal ,Yes,287,South Asian ,,,,51.59347999,-0.083419969,
Croydon,Oodles Wok Croydon ,Yes,288,Pan Asian,,,,51.59347999,-0.083419969,
Croydon,Pepe's Croydon ,Yes,289,Fast Food,,,,51.59347999,-0.083419969,
Croydon,German Donnner Kebab (GDK) Croydon ,Yes,290,Grill/Kebab,,,,51.59347999,-0.083419969,
Ealing ,Comptoir Libanais Ealing ,Yes,291,Lebanese,,,,51.51406,-0.30073,
Ealing ,Park's Kitchen ,Yes,292,South Asian ,,,,51.51406,-0.30073,
Ealing ,Pasta Remoli Ealing,No,293,Italian ,,,,51.51406,-0.30073,
Ealing ,Masala Hut ,Yes,294,South Asian ,,,,51.51406,-0.30073,
Ealing ,Leila Moroccan and Lebanese Restaurant ,Yes,295,Lebanese,,,,51.51406,-0.30073,
Ealing ,Haweli ,Yes,296,South Asian ,,,,51.51406,-0.30073,
Ealing ,Taste of Lahore - Ealing ,Yes,297,South Asian ,,,,51.51406,-0.30073,
Ealing ,Wingstop Ealing ,Yes,298,American,,,,51.51406,-0.30073,
Ealing ,Persian Palace ,Yes,299,Mediterranean ,,,,51.51406,-0.30073,
Ealing ,Seit & Zaatar,Yes,300,South Asian ,,,,51.51406,-0.30073,
Ealing ,Yori Ealing ,Yes,301,Japanese ,,,,51.51406,-0.30073,
Ealing ,Honest burgers Ealing ,No,302,Fast Food,,,,51.51406,-0.30073,
Ealing ,The Sushi Co - Ealing ,Yes,303,Japanese ,,,,51.51406,-0.30073,
Ealing ,Sikulo ,No,304,Italian ,,,,51.51406,-0.30073,
Ealing ,Indian Villa ,Yes,305,South Asian ,,,,51.51406,-0.30073,
Ealing ,Burger House,Yes,306,Fast Food,,,,51.51406,-0.30073,
Ealing ,Salt's Smokehouse ,Yes,307,Steak,,,,51.51406,-0.30073,
Ealing ,Sarv's Slice,No,308,italian ,,,,51.51406,-0.30073,
Ealing ,The Best Broasted ,Yes,309,Fast Food,,,,51.51406,-0.30073,
Ealing ,Amiri Lounge ,Yes,310,South Asian ,,,,51.51406,-0.30073,
Ealing ,Cheatmeals - Ealing ,Yes,311,Fast Food,,,,51.51406,-0.30073,
Ealing ,Shah's Halal Food - West Ealing ,Yes,312,Fast Food,,,,51.51406,-0.30073,
Ealing ,Nova Park Royal ,Yes,313,Mediterranean ,,,,51.51406,-0.30073,
Ealing ,Tim Horton's Park Royal ,Yes,314,Fast Food,,,,51.51406,-0.30073,
Ealing ,Heavenly Deserts - Ealing ,Yes,315,Café,,,,51.51406,-0.30073,
Ealing ,Raunka Punjab Diyan ,No,316,South Asian ,,,,51.51406,-0.30073,
Ealing ,Tiramisu Café,Yes,317,Café,,,,51.51406,-0.30073,
Ealing ,Bombay Eating House,Yes,318,South Asian ,,,,51.51406,-0.30073,
Ealing ,Spice Village - Southall ,Yes,319,South Asian ,,,,51.51406,-0.30073,
Ealing ,Watan ,Yes,320,South Asian ,,,,51.51406,-0.30073,
Ealing ,Manjaros,Yes,321,South Asian ,,,,51.51406,-0.30073,
Ealing ,Roma Restaurant ,Yes,322,Mediterranean ,,,,51.51406,-0.30073,
Ealing ,Amigos Burger & Shakes ,Yes,323,Fast Food,,,,51.51406,-0.30073,
Ealing ,Little Istanbul ,Yes,324,Turkish,,,,51.51406,-0.30073,
Ealing ,The Terrace ,Yes,325,Modern European,,,,51.51406,-0.30073,
Ealing ,Jalebi Junction ,Yes,326,South Asian ,,,,51.51406,-0.30073,
Ealing ,Naanwalla ,Yes,327,South Asian ,,,,51.51406,-0.30073,
Ealing ,Karak Chaii Southall ,Yes,328,South Asian ,,,,51.51406,-0.30073,
Ealing ,Nargis Kenyan Food ,Yes,329,African ,,,,51.51406,-0.30073,
Ealing ,Oodles Wok Southall ,Yes,330,Pan Asian,,,,51.51406,-0.30073,
Ealing ,Southall Kebabish ,Yes,331,South Asian ,,,,51.51406,-0.30073,
Ealing ,Shah's Halal Food - Southall ,Yes,332,South Asian ,,,,51.51406,-0.30073,
Enflied ,Aksular Enfield Town ,Yes,333,Turkish,,,,51.54002362,-0.077502154,
Enflied ,Ada Restaurant ,Yes,334,Turkish,,,,51.54002362,-0.077502154,
Enflied ,Zaza Enfield,Yes,335,Italian ,,,,51.54002362,-0.077502154,
Enflied ,Shere Khan Restaurant ,Yes,336,South Asian ,,,,51.54002362,-0.077502154,
Enflied ,Franzos Enfield ,Yes,337,Grill/Kebab,,,,51.54002362,-0.077502154,
Enflied ,Tigerbay Enfield,Yes,338,Mediterranean ,,,,51.54002362,-0.077502154,
Enflied ,Nando's Enfield,No,339,African ,,,,51.54002362,-0.077502154,
Enflied ,Tasty Gyris Enfeild Town ,Yes,340,Mediterranean ,,,,51.54002362,-0.077502154,
Enflied ,The Vine Leaf,No,341,Mediterranean ,,,,51.54002362,-0.077502154,
Enflied ,Aksular Restaurant ,Yes,342,Mediterranean ,,,,51.54002362,-0.077502154,
Enflied ,Hayaty Lounge ,Yes,343,Mediterranean ,,,,51.54002362,-0.077502154,
Enflied ,Olive Tree Café,Yes,344,Modern European,,,,51.54002362,-0.077502154,
Enflied ,Anokhi Restaurant ,Yes,345,South Asian ,,,,51.54002362,-0.077502154,
Greenwich,Bill's Greenwich ,No,346,American,,,,51.48454,0.00275,
Greenwich,Nando's Greenwich ,No,347,African ,,,,51.48454,0.00275,
Greenwich,Lokanta Bar and Grill,Yes,348,Turkish,,,,51.48454,0.00275,
Greenwich,Sefa Restaurant ,Yes,349,Turkish,,,,51.48454,0.00275,
Greenwich,Nine Lounge ,Yes,350,Mediterranean ,,,,51.48454,0.00275,
Greenwich,Sultan Sofrasi Greenwich ,Yes,351,Turkish,,,,51.48454,0.00275,
Greenwich,Rosa Thai Greenwich ,Yes,352,Pan Asian,,,,51.48454,0.00275,
Greenwich,Grind ,No,353,Café,,,,51.48454,0.00275,
Greenwich,Banana Tree Greenwich ,Yes,354,Pan Asian,,,,51.48454,0.00275,
Greenwich,Slim's Chicken - Greenwich ,Yes,355,Fast Food,,,,51.48454,0.00275,
Greenwich,Joe and the Juice - Greenwich ,Yes,356,American,,,,51.48454,0.00275,
Greenwich,Sticks'n'Sushi - Greenwich ,Yes,357,Japanese ,,,,51.48454,0.00275,
Greenwich,Honest Burgers Greenwich ,No,358,Fast Food,,,,51.48454,0.00275,
Greenwich,Gaucho at the o2,No,359,Steak,,,,51.48454,0.00275,
Greenwich,Afrikana - o2,Yes,360,African ,,,,51.48454,0.00275,
Greenwich,Haute Dolci - o2,Yes,361,Café,,,,51.48454,0.00275,
Greenwich,Japes Greenwich ,Yes,362,Italian ,,,,51.48454,0.00275,
Greenwich,Lobster Bar ,No,363,American,,,,51.48454,0.00275,
Greenwich,Wagamama North Greenwich ,No,364,Japanese ,,,,51.48454,0.00275,
Greenwich,Banana Tree North Greenwich ,Yes,365,Pan Asian,,,,51.48454,0.00275,
Greenwich,Tortilla Greenwich ,Yes,366,American,,,,51.48454,0.00275,
Greenwich,Jimmy's o2,Yes,367,American,,,,51.48454,0.00275,
Greenwich,Cabana at the o2,No,368,Modern European,,,,51.48454,0.00275,
Greenwich,Angle Ninety,No,369,African ,,,,51.48454,0.00275,
Greenwich,Bang Bang Burger,No,370,Korean,,,,51.48454,0.00275,
Greenwich,Pimp my Ramen ,Yes,371,Pan Asian,,,,51.48454,0.00275,
Greenwich,Busaba at the o2,Yes,372,Pan Asian,,,,51.48454,0.00275,
Greenwich,Thunderbird - o2,Yes,373,Fast Food,,,,51.48454,0.00275,
Greenwich,Monster Munch Greenwich ,Yes,374,Fast Food,,,,51.48454,0.00275,
Hackney ,Koya Ko Hackney ,Yes,375,Pan Asian,,,,51.54505,-0.05532,
Hackney ,Okko ,No,376,Japanese ,,,,51.54505,-0.05532,
Hackney ,Patty&Bun Hackney ,Yes,377,Fast Food,,,,51.54505,-0.05532,
Hackney ,Phat Bite Hackney ,Yes,378,Fast Food,,,,51.54505,-0.05532,
Hackney ,Anatolia Restaurant ,Yes,379,Mediterranean ,,,,51.54505,-0.05532,
Hackney ,Ghost Burgers,Yes,380,Fast Food,,,,51.54505,-0.05532,
Hackney ,Wingstop Dalston,Yes,381,American,,,,51.54505,-0.05532,
Hackney ,Pallete ,Yes,382,Café,,,,51.54505,-0.05532,
Hackney ,Chick'n'Sours Dalston,Yes,383,Fast Food,,,,51.54505,-0.05532,
Hackney ,Mangal 2 Restaurant,Yes,384,South Asian ,,,,51.54505,-0.05532,
Hackney ,The Karv,Yes,385,Steak,,,,51.54505,-0.05532,
Hackney ,Afrikana - Dalston,Yes,386,African ,,,,51.54505,-0.05532,
Hackney ,Honest Burgers - Dalston,No,387,Fast Food,,,,51.54505,-0.05532,
Hackney ,Sides - Dalston ,Yes,388,Fast Food,,,,51.54505,-0.05532,
Hackney ,Nando's Dalston ,Yes,389,African ,,,,51.54505,-0.05532,
Hackney ,Smash Bites ,Yes,390,Fast Food,,,,51.54505,-0.05532,
Hackney ,Ticca Tikka,Yes,391,South Asian ,,,,51.54505,-0.05532,
Hackney ,House of MoMo,Yes,392,South Asian ,,,,51.54505,-0.05532,
Hackney ,VYB,Yes,393,Modern European,,,,51.54505,-0.05532,
Hackney ,Shahs Halal Food Dalston ,Yes,394,American,,,,51.54505,-0.05532,
Hackney ,Azizye Restaurant ,Yes,395,Turkish,,,,51.54505,-0.05532,
Hackney ,Meat up - Hoxton ,Yes,396,Steak,,,,51.54505,-0.05532,
Hackney ,Flat Iron - Shoreditch ,No,397,Steak,,,,51.54505,-0.05532,
Hackney ,Dishoom - Shoreditch ,Yes,398,South Asian ,,,,51.54505,-0.05532,
Hackney ,Nom Nom Restaurant ,No,399,Pan Asian,,,,51.54505,-0.05532,
Hackney ,Hoxton Best Kebab,Yes,400,Grill/Kebab,,,,51.54505,-0.05532,
Hackney ,Nobu Restaurant London Shoreditch ,No,401,Japanese ,,,,51.54505,-0.05532,
Hackney ,The Sauce ,Yes,402,Fast Food,,,,51.54505,-0.05532,
Hackney ,Rooster Piri Piri ,Yes,403,Fast Food,,,,51.54505,-0.05532,
Hackney ,Sticks'n'Sushi - Shoreditch ,Yes,404,Japanese ,,,,51.54505,-0.05532,
Hackney ,Eggslut Shoreditch ,Yes,405,American,,,,51.54505,-0.05532,
Hackney ,Brumswick East,No,406,Café,,,,51.54505,-0.05532,
Hackney ,Maple Brunch Café,Yes,407,Café,,,,51.54505,-0.05532,
Hammersmith ,Bill's Hammersmith ,No,408,American,,,,51.4826,-0.21288,
Hammersmith ,The Latymers,No,409,Modern European,,,,51.4826,-0.21288,
Hammersmith ,Patri ,Yes,410,South Asian ,,,,51.4826,-0.21288,
Hammersmith ,Honest Burgers - Hammersmith ,No,411,Fast Food,,,,51.4826,-0.21288,
Hammersmith ,Sam's Riverside ,Yes,412,Modern European,,,,51.4826,-0.21288,
Hammersmith ,Mr Steak Hammersmith ,Yes,413,Steak,,,,51.4826,-0.21288,
Hammersmith ,Chez Maiss ,Yes,414,Mediterranean ,,,,51.4826,-0.21288,
Hammersmith ,Turtle Bay Hammersmith ,No,415,Caribbean ,,,,51.4826,-0.21288,
Hammersmith ,Shilpa ,Yes,416,South Asian ,,,,51.4826,-0.21288,
Hammersmith ,Chicago Grill Hammersmith ,Yes,417,Grill/Kebab,,,,51.4826,-0.21288,
Hammersmith ,Flat iron - Hammersmith ,No,418,Steak,,,,51.4826,-0.21288,
Hammersmith ,The Salutation ,No,419,Modern European,,,,51.4826,-0.21288,
Hammersmith ,Capital Restaurant ,Yes,420,Turkish,,,,51.4826,-0.21288,
Hammersmith ,Wagmama Hammersmith ,No,421,Japanese ,,,,51.4826,-0.21288,
Hammersmith ,Los Molinos ,No,422,Modern European,,,,51.4826,-0.21288,
Hammersmith ,The Grove Tavern ,No,423,Modern European,,,,51.4826,-0.21288,
Hammersmith ,Poppy's Thai Eatery ,Yes,424,Pan Asian,,,,51.4826,-0.21288,
Hammersmith ,Thatched House ,No,425,Modern European,,,,51.4826,-0.21288,
Hammersmith ,Nando's - Hammersmith ,Yes,426,African ,,,,51.4826,-0.21288,
Hammersmith ,New Bangkok ,Yes,427,Pan Asian,,,,51.4826,-0.21288,
Hammersmith ,Chopstix - Hammersmith ,No,428,Pan Asian,,,,51.4826,-0.21288,
Hammersmith ,Flame & Fire ,Yes,429,Fast Food,,,,51.4826,-0.21288,
Hammersmith ,Eat Tokyo ,Yes,430,Japanese ,,,,51.4826,-0.21288,
Hammersmith ,Taste of Lahore - Hammersmith ,Yes,431,South Asian ,,,,51.4826,-0.21288,
Hammersmith ,Tigers Diner ,Yes,432,Fast Food,,,,51.4826,-0.21288,
Hammersmith ,Zia Lucia - Hammersmith ,Yes,433,Italian ,,,,51.4826,-0.21288,
Hammersmith ,Indian Zing ,Yes,434,South Asian ,,,,51.4826,-0.21288,
Hammersmith ,Leon Hammersmith ,Yes,435,Modern European,,,,51.4826,-0.21288,
Hammersmith ,Soul & Eden ,No,436,Caribbean ,,,,51.4826,-0.21288,
Hammersmith ,Han Restaurant ,No,437,Chinese,,,,51.4826,-0.21288,
Hammersmith ,Lebanese Tavern Express ,Yes,438,Lebanese,,,,51.4826,-0.21288,
Hammersmith ,Farmer J Hammersmith ,Yes,439,American,,,,51.4826,-0.21288,
Haringey,Gokyuzu Green lanes ,Yes,440,Turkish,,,,51.58927005,-0.106404908,
Haringey,Hala Restaurant Green Lanes ,Yes,441,Turkish,,,,51.58927005,-0.106404908,
Haringey,Selale Restaurant ,Yes,442,Turkish,,,,51.58927005,-0.106404908,
Haringey,Enfes Ocakbasi Haringey ,Yes,443,Turkish,,,,51.58927005,-0.106404908,
Haringey,Haringey Corbacisi,Yes,444,Turkish,,,,51.58927005,-0.106404908,
Haringey,Diyarbakir Kitchen ,Yes,445,Turkish,,,,51.58927005,-0.106404908,
Haringey,Diyabakir Restaurant ,Yes,446,Turkish,,,,51.58927005,-0.106404908,
Haringey,Nawroz Restaurant,Yes,447,Turkish,,,,51.58927005,-0.106404908,
Haringey,Rakkas,Yes,448,Mediterranean ,,,,51.58927005,-0.106404908,
Haringey,Crystal Kitchen ,Yes,449,Mediterranean ,,,,51.58927005,-0.106404908,
Haringey,Cyprus House,Yes,450,Mediterranean ,,,,51.58927005,-0.106404908,
Haringey,Antepliler Restaurant ,Yes,451,Turkish,,,,51.58927005,-0.106404908,
Haringey,No5 Dining & Lounge ,Yes,452,Modern European,,,,51.58927005,-0.106404908,
Haringey,Tarshish ,Yes,453,Mediterranean ,,,,51.58927005,-0.106404908,
Haringey,Antepliler Doner,Yes,454,Turkish,,,,51.58927005,-0.106404908,
Haringey,Sumak Restaurant ,Yes,455,Turkish,,,,51.58927005,-0.106404908,
Haringey,Bruce Burgers,No,456,Fast Food,,,,51.58927005,-0.106404908,
Haringey,Noya ,Yes,457,Japanese ,,,,51.58927005,-0.106404908,
Haringey,Capital Restaurant Wood Green ,Yes,458,Turkish,,,,51.58927005,-0.106404908,
Haringey,Kervan Sofrasi Wood Green ,Yes,459,Turkish,,,,51.58927005,-0.106404908,
Haringey,Durazzo Pizzeria ,No,460,Italian ,,,,51.58927005,-0.106404908,
Haringey,Chickenways Peri Peri London ,Yes,461,Fast Food,,,,51.58927005,-0.106404908,
Haringey,Smart buns ,Yes,462,Fast Food,,,,51.58927005,-0.106404908,
Haringey,Taste of Gyros - Green Lanes,Yes,463,Turkish,,,,51.58927005,-0.106404908,
Haringey,Bean & Barley ,Yes,464,Café,,,,51.58927005,-0.106404908,
Haringey,Forks & Green Brasserie and Café ,Yes,465,Café,,,,51.58927005,-0.106404908,
Haringey,Adana Sofrasi ,Yes,466,Turkish,,,,51.58927005,-0.106404908,
Haringey,Nando's Wood Green ,Yes,467,African ,,,,51.58927005,-0.106404908,
Haringey,Alicis ,Yes,468,Mediterranean ,,,,51.58927005,-0.106404908,
Haringey,Lydia Brasserie,Yes,469,Café,,,,51.58927005,-0.106404908,
Haringey,Five Guys Wood Green ,No,470,Fast Food,,,,51.58927005,-0.106404908,
Haringey,Oita Wood Green,No,471,Turkish,,,,51.58927005,-0.106404908,
Haringey,Donner Daddy,Yes,472,Grill/Kebab,,,,51.58927005,-0.106404908,
Haringey,The Dusty Knuckle Haringey ,No,473,Cafe,,,,51.58927005,-0.106404908,
Harrow,Sapphire House ,Yes,474,Mediterranean ,,,,51.51318,-0.10698,
Harrow,The Maharaja ,Yes,475,South Asian ,,,,51.51318,-0.10698,
Harrow,Panda's Kitchen ,No,476,Chinese,,,,51.51318,-0.10698,
Harrow,Taste of Lahore - Harrow,Yes,477,South Asian ,,,,51.51318,-0.10698,
Harrow,Tex Ann ,No,478,American,,,,51.51318,-0.10698,
Harrow,Cheatmeals - Harrow ,Yes,479,Fast Food,,,,51.51318,-0.10698,
Harrow,Kenton Lane Café,Yes,480,Café,,,,51.51318,-0.10698,
Harrow,Crispies Harrow ,Yes,481,Fast Food,,,,51.51318,-0.10698,
Harrow,Wok & GO,Yes,482,Pan Asian,,,,51.51318,-0.10698,
Harrow,Mumbai Local Harrow ,Yes,483,South Asian ,,,,51.51318,-0.10698,
Harrow,Hakka Garden ,Yes,484,South Asian ,,,,51.51318,-0.10698,
Harrow,Kebabish Harrow,Yes,485,Grill/Kebab,,,,51.51318,-0.10698,
Harrow,Currys Dosa Harrow ,Yes,486,South Asian ,,,,51.51318,-0.10698,
Harrow,Chaiwalla Harrow,Yes,487,South Asian ,,,,51.51318,-0.10698,
Harrow,Maeme's Harrow ,Yes,488,South Asian ,,,,51.51318,-0.10698,
Harrow,Mumbaiwala ,Yes,489,South Asian ,,,,51.51318,-0.10698,
Harrow,Shahs Halal Food Harrow ,Yes,490,American,,,,51.51318,-0.10698,
Harrow,Every Fish Bar,No,491,Fast Food,,,,51.51318,-0.10698,
Harrow,Chicken Lover (Queensbury),Yes,492,Fast Food,,,,51.51318,-0.10698,
Harrow,Boulevard Club,No,493,South Asian ,,,,51.51318,-0.10698,
Harrow,Tian Hu Chinese Restaurant ,No,494,Chinese,,,,51.51318,-0.10698,
Harrow,The Cardamom Club ,Yes,495,South Asian ,,,,51.51318,-0.10698,
Harrow,London Spice,Yes,496,South Asian ,,,,51.51318,-0.10698,
Harrow,Roosters Piri Piri Harrow ,Yes,497,Fast Food,,,,51.51318,-0.10698,
Harrow,Taste of Peshawar,Yes,498,South Asian ,,,,51.51318,-0.10698,
Harrow,Naan Stop Harrow ,Yes,499,South Asian ,,,,51.51318,-0.10698,
Harrow,Double Apple Harrow,Yes,500,Modern European,,,,51.51318,-0.10698,
Harrow,Amigos Burgers & Shakes - Harrow ,Yes,501,Fast Food,,,,51.51318,-0.10698,
Havering ,Reina Meze Grill,Yes,502,Turkish,,,,51.54461001,-0.144260014,
Havering ,Shish Meze Restaurant ,Yes,503,Turkish,,,,51.54461001,-0.144260014,
Havering ,Kervan Saray ,Yes,504,Turkish,,,,51.54461001,-0.144260014,
Havering ,Array Brasserie & Grill,Yes,505,Modern European,,,,51.54461001,-0.144260014,
Havering ,Da Vinci's,No,506,Italian ,,,,51.54461001,-0.144260014,
Havering ,Ciao Bella ,No,507,Italian ,,,,51.54461001,-0.144260014,
Havering ,Kervan Kitchen Gidea Park ,Yes,508,Turkish,,,,51.54461001,-0.144260014,
Havering ,Smokin' Griddle Romford ,No,509,Fast Food,,,,51.54461001,-0.144260014,
Havering ,The ship ,No,510,Fast Food,,,,51.54461001,-0.144260014,
Havering ,Hot and Tasty Romford,Yes,511,Fast Food,,,,51.54461001,-0.144260014,
Havering ,Onyx Restaurant & Bar,No,512,Italian ,,,,51.54461001,-0.144260014,
Havering ,Taratino,No,513,South Asian ,,,,51.54461001,-0.144260014,
Havering ,Turtle Bay Romford,No,514,American,,,,51.54461001,-0.144260014,
Havering ,Mangal Meze Restaurant ,Yes,515,Turkish,,,,51.54461001,-0.144260014,
Havering ,The Waffle Bar,No,516,Café,,,,51.54461001,-0.144260014,
Havering ,Sukhothai Restaurant ,No,517,Pan Asian,,,,51.54461001,-0.144260014,
Havering ,Zizzi - Romford ,No,518,Italian ,,,,51.54461001,-0.144260014,
Havering ,Fumiko ,No,519,Japanese ,,,,51.54461001,-0.144260014,
Havering ,Paradise Romford ,No,520,Modern European,,,,51.54461001,-0.144260014,
Havering ,Spice Hut Romford ,Yes,521,Fast Food,,,,51.54461001,-0.144260014,
Havering ,The Yummy Greek ,Yes,522,Mediterranean ,,,,51.54461001,-0.144260014,
Havering ,Frankie & Benny's ,No,523,Italian ,,,,51.54461001,-0.144260014,
Havering ,Blue Orchid ,No,524,Chinese,,,,51.54461001,-0.144260014,
Havering ,Nando's Romford,No,525,African,,,,51.54461001,-0.144260014,
Havering ,Wagamama Romford,No,526,Japanese ,,,,51.54461001,-0.144260014,
Havering ,Giggling Squad Hornchurch ,No,527,Pan Asian,,,,51.54461001,-0.144260014,
Havering ,Nando's Hornchurch ,No,528,African,,,,51.54461001,-0.144260014,
Havering ,Burlingtons Fish & Grill,No,529,Grill/Kebab,,,,51.54461001,-0.144260014,
Havering ,Asia Villa ,Yes,530,South Asian ,,,,51.54461001,-0.144260014,
Havering ,Kaspa - Romford ,Yes,531,Café,,,,51.54461001,-0.144260014,
Havering ,Chopstix - Romford ,Yes,532,Pan Asian,,,,51.54461001,-0.144260014,
Havering ,Neyzem Restaurants and Pods,Yes,533,South Asian ,,,,51.54461001,-0.144260014,
Havering ,Time Sushi ,No,534,Japanese ,,,,51.54461001,-0.144260014,
Havering ,Brick Lane Bagel - Gidea Park,Yes,535,Café,,,,51.54461001,-0.144260014,
Havering ,MyShish Romford,Yes,536,Turkish,,,,51.54461001,-0.144260014,
Havering ,Five guys Romford,No,537,Fast Food,,,,51.54461001,-0.144260014,
Havering ,Roosters Piri Piri Romford ,Yes,538,Fast Food,,,,51.54461001,-0.144260014,
Havering ,Grillish ,Yes,539,Grill/Kebab,,,,51.54461001,-0.144260014,
Havering ,Sushi Boom ,Yes,540,Japanese ,,,,51.54461001,-0.144260014,
Havering ,Nugs Romford,Yes,541,Fast Food,,,,51.54461001,-0.144260014,
Havering ,Shahs Halal Restaurant - Romford,Yes,542,American,,,,51.54461001,-0.144260014,
Havering ,Lakers Chicken Romford ,Yes,543,Fast Food,,,,51.54461001,-0.144260014,
Hillingdon ,Betty's Café,No,544,Café,,,,51.48423032,-0.096476696,
Hillingdon ,Nonna Rosa,No,545,Italian ,,,,51.48423032,-0.096476696,
Hillingdon ,Zaza Lebanese Cuisine ,Yes,546,Lebanese,,,,51.48423032,-0.096476696,
Hillingdon ,Tamara Lounge ,Yes,547,South Asian ,,,,51.48423032,-0.096476696,
Hillingdon ,Morello Lounge ,No,548,Modern European,,,,51.48423032,-0.096476696,
Hillingdon ,Wagamama - Uxbridge ,No,549,Japanese ,,,,51.48423032,-0.096476696,
Hillingdon ,Red Iron Burgers,No,550,Fast Food,,,,51.48423032,-0.096476696,
Hillingdon ,Kokooro Uxbridge,Yes,551,Japanese ,,,,51.48423032,-0.096476696,
Hillingdon ,Sahara City ,Yes,552,South Asian ,,,,51.48423032,-0.096476696,
Hillingdon ,Shahs Halal Food Uxbridge ,Yes,553,American,,,,51.48423032,-0.096476696,
Hillingdon ,Chicken Valley Uxbridge ,Yes,554,Fast Food,,,,51.48423032,-0.096476696,
Hillingdon ,Nando's Uxbridge ,No,555,African,,,,51.48423032,-0.096476696,
Hillingdon ,Afghani Burger ,Yes,556,South Asian ,,,,51.48423032,-0.096476696,
Hillingdon ,Bento Boys,Yes,557,Korean,,,,51.48423032,-0.096476696,
Hillingdon ,JinLi Chinese Restaurant ,No,558,Chinese,,,,51.48423032,-0.096476696,
Hillingdon ,Peri Peri Cottage,No,559,Fast Food,,,,51.48423032,-0.096476696,
Hillingdon ,Bam Bam ,Yes,560,Fast Food,,,,51.48423032,-0.096476696,
Hillingdon ,Karma Lounge ,Yes,561,South Asian ,,,,51.48423032,-0.096476696,
Hillingdon ,Sushi Boom London ,Yes,562,Japanese ,,,,51.48423032,-0.096476696,
Hillingdon ,Delli Bites ,Yes,563,South Asian ,,,,51.48423032,-0.096476696,
Hillingdon ,Chaii Pot,Yes,564,South Asian ,,,,51.48423032,-0.096476696,
Hillingdon ,The Crown & Treaty ,No,565,Modern European,,,,51.48423032,-0.096476696,
Hillingdon ,Tacos Flackos ,No,566,American,,,,51.48423032,-0.096476696,
Hillingdon ,Yumchi's ,Yes,567,American,,,,51.48423032,-0.096476696,
Hillingdon ,Chaiwiwala,Yes,568,South Asian ,,,,51.48423032,-0.096476696,
Hillingdon ,Wingstop Uxbridge ,Yes,569,American,,,,51.48423032,-0.096476696,
Hillingdon ,Beef Belly ,Yes,570,Fast Food,,,,51.48423032,-0.096476696,
Hillingdon ,Roosters Piri Piri,Yes,571,Fast Food,,,,51.48423032,-0.096476696,
Hillingdon ,Smashdown Guys ,Yes,572,Fast Food,,,,51.48423032,-0.096476696,
Hillingdon ,Hong Kong Kitchen ,No,573,Chinese,,,,51.48423032,-0.096476696,
Hillingdon ,Chummy Yummy Chinese Restaurant ,No,574,Chinese,,,,51.48423032,-0.096476696,
Hounslow ,Takaa Tak,Yes,575,South Asian ,,,,51.47139322,-0.351373578,
Hounslow ,Hyderabad Taste ,Yes,576,South Asian ,,,,51.47139322,-0.351373578,
Hounslow ,Menara Lounge ,Yes,577,South Asian ,,,,51.47139322,-0.351373578,
Hounslow ,Butt Karahi Hounslow ,Yes,578,South Asian ,,,,51.47139322,-0.351373578,
Hounslow ,Taste of Lahore - Hounslow,Yes,579,South Asian ,,,,51.47139322,-0.351373578,
Hounslow ,Crispy Dosa - Hounslow ,Yes,580,South Asian ,,,,51.47139322,-0.351373578,
Hounslow ,Street 21,Yes,581,South Asian ,,,,51.47139322,-0.351373578,
Hounslow ,Namasthe Hounslow,Yes,582,South Asian ,,,,51.47139322,-0.351373578,
Hounslow ,Flamingo Flames Hounslow ,Yes,583,Fast Food,,,,51.47139322,-0.351373578,
Hounslow ,Madras Flavours Restaurant ,Yes,584,South Asian ,,,,51.47139322,-0.351373578,
Hounslow ,The Legend Lebanese Restaurant ,Yes,585,Lebanese,,,,51.47139322,-0.351373578,
Hounslow ,Heveanly Deserts Hounslow ,Yes,586,Café,,,,51.47139322,-0.351373578,
Hounslow ,Kokoro Hounslow ,Yes,587,Japanese ,,,,51.47139322,-0.351373578,
Hounslow ,Nando's Hounslow ,Yes,588,African,,,,51.47139322,-0.351373578,
Hounslow ,Bombay Wok,Yes,589,Pan Asian,,,,51.47139322,-0.351373578,
Hounslow ,La Jawaab,Yes,590,South Asian ,,,,51.47139322,-0.351373578,
Hounslow ,Khan's Karahi ,Yes,591,South Asian ,,,,51.47139322,-0.351373578,
Hounslow ,Super Chai ,Yes,592,South Asian ,,,,51.47139322,-0.351373578,
Hounslow ,Smoky Boys Hounslow ,Yes,593,Fast Food,,,,51.47139322,-0.351373578,
Hounslow ,Wingstop Hounslow ,Yes,594,American,,,,51.47139322,-0.351373578,
Hounslow ,Phat buns Hounslow ,Yes,595,Fast Food,,,,51.47139322,-0.351373578,
Hounslow ,Urban Kitchen Hounslow ,Yes,596,American,,,,51.47139322,-0.351373578,
Hounslow ,Charcoal Chicken ,Yes,597,Grill/Kebab,,,,51.47139322,-0.351373578,
Hounslow ,Delhi Wala ,Yes,598,South Asian ,,,,51.47139322,-0.351373578,
Hounslow ,Dragons Peri Peri Hounslow ,Yes,599,Fast Food,,,,51.47139322,-0.351373578,
Hounslow ,Khatta Meetha ,Yes,600,South Asian ,,,,51.47139322,-0.351373578,
Hounslow ,Jungle Grill Hounslow ,Yes,601,Grill/Kebab,,,,51.47139322,-0.351373578,
Islington ,MeatLiquor Bar & Restaurant ,No,602,Steak,,,,51.53279,-0.10614,
Islington ,Smokehouse ,No,603,Steak,,,,51.53279,-0.10614,
Islington ,Liman Restaurant ,Yes,604,Turkish,,,,51.53279,-0.10614,
Islington ,Afghan Kitchen,Yes,605,South Asian ,,,,51.53279,-0.10614,
Islington ,The Blue Legume ,No,606,Mediterranean ,,,,51.53279,-0.10614,
Islington ,Chicken Shop - Islington,Yes,607,Fast Food,,,,51.53279,-0.10614,
Islington ,Jam Delish Islington ,Yes,608,Café,,,,51.53279,-0.10614,
Islington ,The Skinny Kitchen ,No,609,Modern European,,,,51.53279,-0.10614,
Islington ,Noci Islington ,No,610,Italian ,,,,51.53279,-0.10614,
Islington ,Salut! Restaurant ,Yes,611,Modern European,,,,51.53279,-0.10614,
Islington ,Wahaca Islington ,No,612,Modern European,,,,51.53279,-0.10614,
Islington ,Fig & Olive  ,Yes,613,Modern European,,,,51.53279,-0.10614,
Islington ,Gallipoli Restaurant ,No,614,Turkish,,,,51.53279,-0.10614,
Islington ,Banana Tree Islington ,Yes,615,Pan Asian,,,,51.53279,-0.10614,
Islington ,The Tamil Prince ,No,616,South Asian ,,,,51.53279,-0.10614,
Islington ,Thai Sqaure Islington,No,617,Pan Asian,,,,51.53279,-0.10614,
Islington ,Humble Grape ,No,618,Cafe,,,,51.53279,-0.10614,
Islington ,Nem Nem ,No,619,Pan Asian,,,,51.53279,-0.10614,
Islington ,Wingstop Islington ,No,620,American,,,,51.53279,-0.10614,
Islington ,The Breakfast Club - Angel ,No,621,American,,,,51.53279,-0.10614,
Islington ,Sichaun House ,No,622,Chinese,,,,51.53279,-0.10614,
Islington ,Meat People,No,623,Steak,,,,51.53279,-0.10614,
Islington ,Wagamama Islington,Yes,624,Japanese ,,,,51.53279,-0.10614,
Islington ,TanaKatsu ,Yes,625,Pan Asian,,,,51.53279,-0.10614,
Islington ,Nando's Islington ,No,626,African,,,,51.53279,-0.10614,
Islington ,Karens Diner ,No,627,American,,,,51.53279,-0.10614,
Islington ,Mother Clucker ,Yes,628,Fast Food,,,,51.53279,-0.10614,
Kensington and Chelsea,Ceru ,No,629,Mediterranean ,,,,51.52265999,-0.20793004,
Kensington and Chelsea,Patara South Kensington ,Yes,630,Mediterranean ,,,,51.52265999,-0.20793004,
Kensington and Chelsea,Daphne's,No,631,Modern European,,,,51.52265999,-0.20793004,
Kensington and Chelsea,Balans Kensington ,Yes,632,Modern European,,,,51.52265999,-0.20793004,
Kensington and Chelsea,Honest Burger South Kensington ,No,633,Fast Food,,,,51.52265999,-0.20793004,
Kensington and Chelsea,Feya Café,Yes,634,Café,,,,51.52265999,-0.20793004,
Kensington and Chelsea,The Ivy,Yes,635,Pan Asian,,,,51.52265999,-0.20793004,
Kensington and Chelsea,Zuaya ,Yes,636,Lebanese,,,,51.52265999,-0.20793004,
Kensington and Chelsea,Spaghetti House,No,637,Italian ,,,,51.52265999,-0.20793004,
Kensington and Chelsea,Bone Daddies,Yes,638,Pan Asian,,,,51.52265999,-0.20793004,
Kensington and Chelsea,Wagmama Kensignton,No,639,Japanese ,,,,51.52265999,-0.20793004,
Kensington and Chelsea,Flat Iron Kensington ,No,640,Steak,,,,51.52265999,-0.20793004,
Kensington and Chelsea,Chaiiwala - Kensington,Yes,641,South Asian ,,,,51.52265999,-0.20793004,
Kensington and Chelsea,The Terrace - South Kensington ,Yes,642,Café,,,,51.52265999,-0.20793004,
Kensington and Chelsea,Fait Maison - South Kensington ,Yes,643,Mediterranean ,,,,51.52265999,-0.20793004,
Kensington and Chelsea,Jacuzzi ,Yes,644,Italian ,,,,51.52265999,-0.20793004,
Kensington and Chelsea,Light of India ,Yes,645,South Asian ,,,,51.52265999,-0.20793004,
Kensington and Chelsea,Smoky boys Kensington ,Yes,646,Fast Food,,,,51.52265999,-0.20793004,
Kensington and Chelsea,Steak and Company ,Yes,647,Steak,,,,51.52265999,-0.20793004,
Kensington and Chelsea,Dishoom Kensington ,Yes,648,South Asian ,,,,51.52265999,-0.20793004,
Kensington and Chelsea,Harry's Dolce Vita Knightsbridge,Yes,649,Modern European,,,,51.52265999,-0.20793004,
Kensington and Chelsea,Al Basha Knightsbridge ,Yes,650,Mediterranean ,,,,51.52265999,-0.20793004,
Kensington and Chelsea,Zuma London ,Yes,651,Japanese ,,,,51.52265999,-0.20793004,
Kensington and Chelsea,San Carlo Knightsbridge ,Yes,652,Italian ,,,,51.52265999,-0.20793004,
Kensington and Chelsea,Haandi ,Yes,653,South Asian ,,,,51.52265999,-0.20793004,
Kensington and Chelsea,L'eto Knightsbridge ,Yes,654,Café,,,,51.52265999,-0.20793004,
Kensington and Chelsea,Beirut Knightsbridge ,Yes,655,Lebanese,,,,51.52265999,-0.20793004,
Kensington and Chelsea,Madhu's Brasserie ,Yes,656,South Asian ,,,,51.52265999,-0.20793004,
Kensington and Chelsea,Paxtons Head ,Yes,657,Modern European,,,,51.52265999,-0.20793004,
Kensington and Chelsea,The Tiffany Blue Box Café ,Yes,658,Café,,,,51.52265999,-0.20793004,
Kensington and Chelsea,The Chelsea Corner,No,659,Café,,,,51.52265999,-0.20793004,
Kensington and Chelsea,Zheng ,Yes,660,South Asian ,,,,51.52265999,-0.20793004,
Kensington and Chelsea,The Ivy Asia Chelsea,Yes,661,Pan Asian,,,,51.52265999,-0.20793004,
Kensington and Chelsea,Gaucho Sloane Avenue ,No,662,Steak,,,,51.52265999,-0.20793004,
Kensington and Chelsea,The Ivy Chelsea Garden ,No,663,Pan Asian,,,,51.52265999,-0.20793004,
Kensington and Chelsea,Big Easy restaurant ,No,664,American,,,,51.52265999,-0.20793004,
Kensington and Chelsea,Oka Restaurant Chelsea ,No,665,Japanese ,,,,51.52265999,-0.20793004,
Kensington and Chelsea,The Cadogan Arms ,No,666,Modern European,,,,51.52265999,-0.20793004,
Kensington and Chelsea,My Old Dutch ,Yes,667,Café,,,,51.52265999,-0.20793004,
Kensington and Chelsea,Boha London ,No,668,Mediterranean ,,,,51.52265999,-0.20793004,
Kensington and Chelsea,Azteca Chelsea,No,669,American,,,,51.52265999,-0.20793004,
Kensington and Chelsea,Benihana ,Yes,670,Japanese ,,,,51.52265999,-0.20793004,
Kingston Upon Thames ,Noura Lebanese Restaurant ,Yes,671,Lebanese,,,,51.41088098,-0.291932526,
Kingston Upon Thames ,The Pottery Tapas Bar,No,672,Modern European,,,,51.41088098,-0.291932526,
Kingston Upon Thames ,Ramo's Turkish kitchen ,Yes,673,Turkish,,,,51.41088098,-0.291932526,
Kingston Upon Thames ,Bindaas - The Indian Kitchen,Yes,674,South Asian ,,,,51.41088098,-0.291932526,
Kingston Upon Thames ,Roz Ana,Yes,675,South Asian ,,,,51.41088098,-0.291932526,
Kingston Upon Thames ,Fish Kitchen Kingston,No,676,Fast Food,,,,51.41088098,-0.291932526,
Kingston Upon Thames ,Fatboys Café & Restaurant ,No,677,Fast Food,,,,51.41088098,-0.291932526,
Kingston Upon Thames ,Park Brew & Kitchen,No,678,Modern European,,,,51.41088098,-0.291932526,
Kingston Upon Thames ,Park Road Chippy,No,679,Fast Food,,,,51.41088098,-0.291932526,
Kingston Upon Thames ,Momtaz Shisha Café & Restaurant ,Yes,680,Café,,,,51.41088098,-0.291932526,
Kingston Upon Thames ,Coco + Lime ,No,681,South Asian ,,,,51.41088098,-0.291932526,
Kingston Upon Thames ,Wukong,No,682,Chinese,,,,51.41088098,-0.291932526,
Kingston Upon Thames ,Patio Pizza,No,683,Italian ,,,,51.41088098,-0.291932526,
Kingston Upon Thames ,Melbourne City ,No,684,Modern European,,,,51.41088098,-0.291932526,
Kingston Upon Thames ,Lotus House ,No,685,Chinese,,,,51.41088098,-0.291932526,
Lambeth ,Florentine Trattoria ,No,686,Italian ,,,,51.49084,-0.11108,
Lambeth ,The Hercules Lambeth ,No,687,Modern European,,,,51.49084,-0.11108,
Lambeth ,The Three Lions ,No,688,Mediterranean ,,,,51.49084,-0.11108,
Lambeth ,The Garden Café,Yes,689,Café,,,,51.49084,-0.11108,
Lambeth ,Harar Restaurant ,Yes,690,African,,,,51.49084,-0.11108,
Lambeth ,Locale Southbank,No,691,Italian,,,,51.49084,-0.11108,
Lambeth ,Sapori ,No,692,Italian,,,,51.49084,-0.11108,
Lambeth ,The Black Dog ,No,693,Modern European,,,,51.49084,-0.11108,
Lambeth ,Troia Southbank ,No,694,Mediterranean ,,,,51.49084,-0.11108,
Lambeth ,Caprini Restaurant ,No,695,South Asian ,,,,51.49084,-0.11108,
Lambeth ,Gillray's Steakhouse & Bar,No,696,Steak,,,,51.49084,-0.11108,
Lambeth ,Mamuska ,No,697,Modern European,,,,51.49084,-0.11108,
Lambeth ,Wahaca Southbank,No,698,South Asian ,,,,51.49084,-0.11108,
Lambeth ,Mumbai Delight ,Yes,699,South Asian ,,,,51.49084,-0.11108,
Lambeth ,Cubana Restaurant Waterloo ,No,700,American ,,,,51.49084,-0.11108,
Lambeth ,Okan Southbank,No,701,Japanese ,,,,51.49084,-0.11108,
Lambeth ,Leon Southbank Place,Yes,702,Café,,,,51.49084,-0.11108,
Lambeth ,The Waterfront ,Yes,703,Mediterranean ,,,,51.49084,-0.11108,
Lambeth ,Daebak,Yes,704,Korean ,,,,51.49084,-0.11108,
Lambeth ,The Garden Vauxhall,Yes,705,Café,,,,51.49084,-0.11108,
Lambeth ,Casa Madeira ,No,706,Modern European,,,,51.49084,-0.11108,
Lambeth ,Nando's Vauxhall Arches,No,707,African,,,,51.49084,-0.11108,
Lambeth ,The Duchy Arms,No,708,Modern European,,,,51.49084,-0.11108,
Lambeth ,Lebanese Gardens ,Yes,709,Lebanese,,,,51.49084,-0.11108,
Lambeth ,Jihwaja,Yes,710,Korean ,,,,51.49084,-0.11108,
Lambeth ,Bronson's Burger Vauxhall ,No,711,Fast Food,,,,51.49084,-0.11108,
Lambeth ,TDQ Steaks ,Yes,712,Steak,,,,51.49084,-0.11108,
Lambeth ,Argentinian Grill ,Yes,713,Steak,,,,51.49084,-0.11108,
Lewisham,Ana'More Lewisham ,No,714,Italian,,,,51.45916,-0.01213,
Lewisham,Levante Restaurant ,No,715,Turkish,,,,51.45916,-0.01213,
Lewisham,Enish Lewisham ,Yes,716,Turkish,,,,51.45916,-0.01213,
Lewisham,Chopstix - Lewisham ,Yes,717,Pan Asian,,,,51.45916,-0.01213,
Lewisham,Sweet1ne Restaurant & Lounge ,Yes,718,Caribbean ,,,,51.45916,-0.01213,
Lewisham,Something Fishy ,No,719,Fast Food,,,,51.45916,-0.01213,
Lewisham,Nando's Lewisham ,No,720,African,,,,51.45916,-0.01213,
Lewisham,Chef's Treat ,No,721,Café,,,,51.45916,-0.01213,
Lewisham,Pepe's Lewisham ,Yes,722,Fast Food,,,,51.45916,-0.01213,
Lewisham,The Sushi Co - Lewisham ,Yes,723,Japanese ,,,,51.45916,-0.01213,
Lewisham,Dosa Sambal ,Yes,724,South Asian ,,,,51.45916,-0.01213,
Lewisham,Taste Soul Good,Yes,725,Caribbean ,,,,51.45916,-0.01213,
Lewisham,Kaspa's Lewisham ,Yes,726,Café,,,,51.45916,-0.01213,
Lewisham,Mamma Dough  - Ladywell ,No,727,Italian ,,,,51.45916,-0.01213,
Lewisham,The Madras Restaurant ,Yes,728,South Asian ,,,,51.45916,-0.01213,
Lewisham,Woodfire,No,729,Caribbean ,,,,51.45916,-0.01213,
Lewisham,Zest Brunch & Bar,Yes,730,Café,,,,51.45916,-0.01213,
Lewisham,Bucketmouth,No,731,Fast Food,,,,51.45916,-0.01213,
Lewisham,Payiz Mediterranean Restaurant ,Yes,732,Mediterranean ,,,,51.45916,-0.01213,
Lewisham,Fu Asian Food,Yes,733,Pan Asian,,,,51.45916,-0.01213,
Lewisham,Watandar,Yes,734,South Asian ,,,,51.45916,-0.01213,
Lewisham,HiFive Chicken and Gourmet burger,Yes,735,Fast Food,,,,51.45916,-0.01213,
Lewisham,Alpha Lounge Restaurant and Bar,Yes,736,Grill/Kebab,,,,51.45916,-0.01213,
Lewisham,Iro Sushi ,Yes,737,Japanese ,,,,51.45916,-0.01213,
Lewisham,Doner Coach ,Yes,738,Grill/Kebab,,,,51.45916,-0.01213,
Lewisham,Rock and Sole,No,739,Chinese,,,,51.45916,-0.01213,
Lewisham,Joiners Arms ,No,740,Pan Asian,,,,51.45916,-0.01213,
Lewisham,Malal Thai Lewisham ,Yes,741,Pan Asian,,,,51.45916,-0.01213,
Merton ,Wandle Pirates Steakhouse ,No,742,Steak,,,,51.41564,-0.19142,
Merton ,Cedar Lebanese ,No,743,Lebanese,,,,51.41564,-0.19142,
Merton ,Nando's Colliers Wood ,No,744,African,,,,51.41564,-0.19142,
Merton ,Ban Yai Thai Restaurant ,Yes,745,Pan Asian,,,,51.41564,-0.19142,
Merton ,Waffle Jack's American Diner,No,746,American,,,,51.41564,-0.19142,
Merton ,Lava Lounge ,Yes,747,Turkish,,,,51.41564,-0.19142,
Merton ,Nick's Thai Kitchen,No,748,Pan Asian,,,,51.41564,-0.19142,
Merton ,Ting n Ting,No,749,Caribbean ,,,,51.41564,-0.19142,
Merton ,Ssam Ssam Korean restaurant ,Yes,750,Korean ,,,,51.41564,-0.19142,
Merton ,Lime & Thyme ,Yes,751,Mediterranean ,,,,51.41564,-0.19142,
Merton ,Hatay Restaurant ,Yes,752,Turkish,,,,51.41564,-0.19142,
Merton ,Babylon ,No,753,Modern European,,,,51.41564,-0.19142,
Merton ,The Olive Grove ,No,754,Modern European,,,,51.41564,-0.19142,
Merton ,The Black Lamb,No,755,Modern European,,,,51.41564,-0.19142,
Merton ,Bombay Delight,Yes,756,South Asian ,,,,51.41564,-0.19142,
Merton ,Noodle foodie,Yes,757,Pan Asian,,,,51.41564,-0.19142,
Merton ,Diba Persian Restaurant,Yes,758,Mediterranean ,,,,51.41564,-0.19142,
Merton ,The Ivy Café,Yes,759,Pan Asian,,,,51.41564,-0.19142,
Merton ,Tampopo Wimbledon ,No,760,Pan Asian,,,,51.41564,-0.19142,
Merton ,Al Forro Wimbledon ,No,761,Italian,,,,51.41564,-0.19142,
Merton ,Merton Fish Bar,Yes,762,Fast Food,,,,51.41564,-0.19142,
Merton ,Wahaca Wimbledon,No,763,Modern European,,,,51.41564,-0.19142,
Merton ,Aya Lebanese Cuisine Colliers Wood,Yes,764,Lebanese,,,,51.41564,-0.19142,
Merton ,Miga ,No,765,Korean ,,,,51.41564,-0.19142,
Merton ,Café SW19,No,766,Café,,,,51.41564,-0.19142,
Merton ,201 Asian Kitchen Pan-Asian & Sushi ,Yes,767,Pan Asian,,,,51.41564,-0.19142,
Merton ,Yori - Wimbledon ,Yes,768,Japanese ,,,,51.41564,-0.19142,
Merton ,Thai Town ,No,769,Pan Asian,,,,51.41564,-0.19142,
Merton ,Street Greek ,Yes,770,Mediterranean ,,,,51.41564,-0.19142,
Merton ,Mai Thai ,No,771,Pan Asian,,,,51.41564,-0.19142,
Merton ,Buenos Aires Argentine Steakhouse ,No,772,Steak,,,,51.41564,-0.19142,
Merton ,Takahashi ,No,773,Japanese ,,,,51.41564,-0.19142,
Merton ,Graffiti Burger,No,774,Fast Food,,,,51.41564,-0.19142,
Merton ,Wagamama Wimbledon ,No,775,Japanese ,,,,51.41564,-0.19142,
Merton ,Leon Wimbledon ,No,776,Café,,,,51.41564,-0.19142,
Merton ,Rose & Crown ,No,777,Modern European,,,,51.41564,-0.19142,
Newham ,Meydan Restaurant ,Yes,778,Turkish,,,,51.51971631,0.051479393,
Newham ,Vasantha Villa - East Ham ,Yes,779,South Asian ,,,,51.51971631,0.051479393,
Newham ,Mowchi - East Ham ,Yes,780,Korean ,,,,51.51971631,0.051479393,
Newham ,Efes Restaurant ,Yes,781,Turkish,,,,51.51971631,0.051479393,
Newham ,Turkuoise ,Yes,782,Turkish,,,,51.51971631,0.051479393,
Newham ,Kaffiend ,Yes,783,Café,,,,51.51971631,0.051479393,
Newham ,Chaiiwala - Green Steet ,Yes,784,South Asian ,,,,51.51971631,0.051479393,
Newham ,Side Street,Yes,785,Fast Food,,,,51.51971631,0.051479393,
Newham ,Khana Khazana ,Yes,786,South Asian ,,,,51.51971631,0.051479393,
Newham ,HS & Co ,Yes,787,Steak,,,,51.51971631,0.051479393,
Newham ,Lahori Nihaari London ,Yes,788,South Asian ,,,,51.51971631,0.051479393,
Newham ,Hyderabaki Spice ,Yes,789,South Asian ,,,,51.51971631,0.051479393,
Newham ,Smash ,Yes,790,Fast Food,,,,51.51971631,0.051479393,
Newham ,Heroica Lounge ,Yes,791,Italian ,,,,51.51971631,0.051479393,
Newham ,Kaboom ,Yes,792,Mediterranean ,,,,51.51971631,0.051479393,
Newham ,KHF East Ham ,Yes,793,Fast Food,,,,51.51971631,0.051479393,
Newham ,Hyderabad Darbar,Yes,794,South Asian ,,,,51.51971631,0.051479393,
Newham ,Bloom Café,Yes,795,Café,,,,51.51971631,0.051479393,
Newham ,Shah's Halal Food - East Ham ,Yes,796,American,,,,51.51971631,0.051479393,
Newham ,Elvet Steakhouse ,Yes,797,Steak,,,,51.51971631,0.051479393,
Newham ,Nakhon Thai ,Yes,798,Pan Asian,,,,51.51971631,0.051479393,
Newham ,Slice of Meat,Yes,799,Steak,,,,51.51971631,0.051479393,
Newham ,Grizzlys Canning Town ,Yes,800,Fast Food,,,,51.51971631,0.051479393,
Newham ,Fat Bites ,Yes,801,Fast Food,,,,51.51971631,0.051479393,
Newham ,Wood & Flames ,Yes,802,Fast Food,,,,51.51971631,0.051479393,
Newham ,Naya ,Yes,803,Modern European,,,,51.51971631,0.051479393,
Newham ,Smoke & Pepper - Leyton,Yes,804,Fast Food,,,,51.51971631,0.051479393,
Newham ,Five Lads- Leyton ,Yes,805,Fast Food,,,,51.51971631,0.051479393,
Newham ,Manjaros Restaurant Leyton ,Yes,806,Fast Food,,,,51.51971631,0.051479393,
Newham ,Junglees Leyton ,Yes,807,Fast Food,,,,51.51971631,0.051479393,
Newham ,Branche,Yes,808,Café,,,,51.51971631,0.051479393,
Newham ,Sahara Grill ,Yes,809,Grill/Kebab,,,,51.51971631,0.051479393,
Newham ,Saffron Kitchen ,Yes,810,South Asian ,,,,51.51971631,0.051479393,
Newham ,Indulgence ,Yes,811,Café,,,,51.51971631,0.051479393,
Newham ,Chicos Leyton ,Yes,812,Fast Food,,,,51.51971631,0.051479393,
Newham ,Muncheez,Yes,813,Fast Food,,,,51.51971631,0.051479393,
Newham ,ZAXX - Korean Kitchen ,Yes,814,Korean ,,,,51.51971631,0.051479393,
Newham ,Koz Restaurant ,Yes,815,Mediterranean ,,,,51.51971631,0.051479393,
Newham ,Karak Chaii Leyton ,Yes,816,South Asian ,,,,51.51971631,0.051479393,
Newham ,Asado Steakhouse ,Yes,817,Steak,,,,51.51971631,0.051479393,
Newham ,Spice Hut Leyton ,Yes,818,Fast Food,,,,51.51971631,0.051479393,
Newham ,Wingstop Bection ,Yes,819,American,,,,51.51971631,0.051479393,
Newham ,Wingstop Stratford,Yes,820,American,,,,51.51971631,0.051479393,
Newham ,Nanodo's Becton ,Yes,821,African ,,,,51.51971631,0.051479393,
Newham ,Shah's Halal Food - Gallions Reach ,Yes,822,American,,,,51.51971631,0.051479393,
Newham ,Heavenly Desserts Becton ,Yes,823,Café,,,,51.51971631,0.051479393,
Newham ,Jumeriah,Yes,824,South Asian ,,,,51.51971631,0.051479393,
Newham ,Creams Café Becton ,Yes,825,Café,,,,51.51971631,0.051479393,
Newham ,Chaiiwala - Becton ,Yes,826,South Asian ,,,,51.51971631,0.051479393,
Newham ,Café Spice Namaste ,Yes,827,South Asian ,,,,51.51971631,0.051479393,
Newham ,Balans East ,Yes,828,Modern European,,,,51.51971631,0.051479393,
Newham ,Busaba Westfield Stratford ,Yes,829,Pan Asian,,,,51.51971631,0.051479393,
Newham ,Mowgli Stratford ,Yes,830,South Asian ,,,,51.51971631,0.051479393,
Newham ,Wahaca Stratford ,Yes,831,Modern European,,,,51.51971631,0.051479393,
Newham ,STK Stratford ,Yes,832,Steak,,,,51.51971631,0.051479393,
Newham ,Lokma Westfield ,Yes,833,Turkish,,,,51.51971631,0.051479393,
Newham ,Bababoom ,Yes,834,Turkish,,,,51.51971631,0.051479393,
Newham ,Nando's Westfield Stratford ,No,835,African ,,,,51.51971631,0.051479393,
Newham ,Steakout - Stratford,Yes,836,Steak,,,,51.51971631,0.051479393,
Newham ,Brim Stratford ,Yes,837,Fast Food,,,,51.51971631,0.051479393,
Newham ,Wagamama - Stratford ,Yes,838,Japanese ,,,,51.51971631,0.051479393,
Newham ,Heavenly Desserts Stratford ,Yes,839,Café,,,,51.51971631,0.051479393,
Newham ,Suela ,Yes,840,Café,,,,51.51971631,0.051479393,
Redbrudge ,Zamana ,Yes,841,South Asian ,,,,51.47577317,-0.080698327,
Redbrudge ,Sahara Grill ,Yes,842,Grill/Kebab,,,,51.47577317,-0.080698327,
Redbrudge ,Wah Bey ,Yes,843,South Asian ,,,,51.47577317,-0.080698327,
Redbrudge ,Thai Imperial ,Yes,844,Pan Asian,,,,51.47577317,-0.080698327,
Redbrudge ,Ghost Burgers - Gants Hill ,Yes,845,Fast Food,,,,51.47577317,-0.080698327,
Redbrudge ,Miami Crispy ,Yes,846,Fast Food,,,,51.47577317,-0.080698327,
Redbrudge ,Noir Kitchen ,Yes,847,South Asian ,,,,51.47577317,-0.080698327,
Redbrudge ,Haute Dolci ,Yes,848,Café,,,,51.47577317,-0.080698327,
Redbrudge ,Colony ,Yes,849,South Asian ,,,,51.47577317,-0.080698327,
Redbrudge ,Haweli Restaurant Ilford ,Yes,850,South Asian ,,,,51.47577317,-0.080698327,
Redbrudge ,Black Moon Lounge ,Yes,851,Modern European,,,,51.47577317,-0.080698327,
Redbrudge ,Saffroon Street ,Yes,852,South Asian ,,,,51.47577317,-0.080698327,
Redbrudge ,Manjaros Restaurant ilford ,Yes,853,African,,,,51.47577317,-0.080698327,
Redbrudge ,Mother Hubbards,Yes,854,Fast Food,,,,51.47577317,-0.080698327,
Redbrudge ,Monster Burger ,Yes,855,Fast Food,,,,51.47577317,-0.080698327,
Redbrudge ,Watan Ilford ,Yes,856,South Asian ,,,,51.47577317,-0.080698327,
Redbrudge ,Mumbhai 7 ,Yes,857,South Asian ,,,,51.47577317,-0.080698327,
Redbrudge ,Lokkum Bar & Grill,Yes,858,Mediterranean ,,,,51.47577317,-0.080698327,
Redbrudge ,Artful Blend ,Yes,859,Café,,,,51.47577317,-0.080698327,
Redbrudge ,Adana Restaurant ,Yes,860,Turkish,,,,51.47577317,-0.080698327,
Redbrudge ,Pitt Stop ,Yes,861,Fast Food,,,,51.47577317,-0.080698327,
Redbrudge ,Shah's Halal Food Ilford ,Yes,862,American,,,,51.47577317,-0.080698327,
Redbrudge ,5 Lads - Goodmayes ,Yes,863,Fast Food,,,,51.47577317,-0.080698327,
Redbrudge ,Nosh ,Yes,864,South Asian ,,,,51.47577317,-0.080698327,
Redbrudge ,Enigma ,Yes,865,Pan Asian,,,,51.47577317,-0.080698327,
Redbrudge ,Moodys Ilford ,Yes,866,Fast Food,,,,51.47577317,-0.080698327,
Redbrudge ,Chapters London ,Yes,867,Café,,,,51.47577317,-0.080698327,
Redbrudge ,Hashtag Café ,Yes,868,Café,,,,51.47577317,-0.080698327,
Redbrudge ,Phat Bite Ilford ,Yes,869,Fast Food,,,,51.47577317,-0.080698327,
Redbrudge ,The Connaught ,Yes,870,Café,,,,51.47577317,-0.080698327,
Redbrudge ,Oodles WoK Ilford ,Yes,871,Pan Asian,,,,51.47577317,-0.080698327,
Redbrudge ,Chaiiwala - Ilford ,Yes,872,South Asian ,,,,51.47577317,-0.080698327,
Redbrudge ,Cheatmeals Ilford ,Yes,873,Fast Food,,,,51.47577317,-0.080698327,
Redbrudge ,Kansas Chicken ,Yes,874,Fast Food,,,,51.47577317,-0.080698327,
Redbrudge ,Wok Wala ,Yes,875,Pan Asian,,,,51.47577317,-0.080698327,
Redbrudge ,Lakers Chcken Seven Kings ,Yes,876,Fast Food,,,,51.47577317,-0.080698327,
Redbrudge ,Swirldrop Treats ,Yes,877,Café,,,,51.47577317,-0.080698327,
Redbrudge ,Central Lounge ,Yes,878,Pan Asian,,,,51.47577317,-0.080698327,
Redbrudge ,Griller Goodmayes ,Yes,879,Grill/Kebab,,,,51.47577317,-0.080698327,
Redbrudge ,Big Moe's Diner,Yes,880,American,,,,51.47577317,-0.080698327,
Redbrudge ,Roosters King ,Yes,881,Fast Food,,,,51.47577317,-0.080698327,
Redbrudge ,Spice Hut Ilford ,Yes,882,Fast Food,,,,51.47577317,-0.080698327,
Redbrudge ,Franzoos - Ilford ,Yes,883,Grill/Kebab,,,,51.47577317,-0.080698327,
Redbrudge ,Foody Hub Goodmayes ,Yes,884,Fast Food,,,,51.47577317,-0.080698327,
Redbrudge ,Emerald Café Bistro ,Yes,885,Café,,,,51.47577317,-0.080698327,
Richmond Upon Thames , Bill's Richmond Restaurant ,No,886,American,,,,51.48027,-0.23754,
Richmond Upon Thames ,The Ivy Richmond Brasserie ,No,887,Pan Asian,,,,51.48027,-0.23754,
Richmond Upon Thames ,The Petersham Restaurant ,No,888,Modern European,,,,51.48027,-0.23754,
Richmond Upon Thames ,Gaucho Richmond ,No,889,Steak,,,,51.48027,-0.23754,
Richmond Upon Thames ,Stein's Restaurant ,No,890,Modern European,,,,51.48027,-0.23754,
Richmond Upon Thames ,Sebastian Italian ,No,891,Italian ,,,,51.48027,-0.23754,
Richmond Upon Thames ,Tapas Brindisa Richmond,No,892,Modern European,,,,51.48027,-0.23754,
Richmond Upon Thames ,Chez Lindsay ,No,893,Modern European,,,,51.48027,-0.23754,
Richmond Upon Thames ,White Swan ,No,894,Modern European,,,,51.48027,-0.23754,
Richmond Upon Thames ,Scotts Richmond ,No,895,Modern European,,,,51.48027,-0.23754,
Richmond Upon Thames ,Buenos Aires Argentine Steakhouse Richmond ,No,896,Steak,,,,51.48027,-0.23754,
Richmond Upon Thames ,Riverhouse Restaurant ,No,897,Steak,,,,51.48027,-0.23754,
Richmond Upon Thames ,Cote Restaurant ,No,898,Modern European,,,,51.48027,-0.23754,
Richmond Upon Thames ,Beirut Street Kitchen ,Yes,899,Lebanese,,,,51.48027,-0.23754,
Richmond Upon Thames ,Rock and Rose Richmonod ,No,900,Modern European,,,,51.48027,-0.23754,
Richmond Upon Thames ,Cocotte Richmond ,Yes,901,Modern European,,,,51.48027,-0.23754,
Richmond Upon Thames ,White Cross,No,902,Modern European,,,,51.48027,-0.23754,
Richmond Upon Thames ,Saffron ,Yes,903,Meditarranean,,,,51.48027,-0.23754,
Richmond Upon Thames ,Roebuck ,No,904,Modern European,,,,51.48027,-0.23754,
Richmond Upon Thames ,Orange Tree,Yes,905,Modern European,,,,51.48027,-0.23754,
Richmond Upon Thames ,The Angel & Crown ,No,906,Modern European,,,,51.48027,-0.23754,
Richmond Upon Thames ,Wagamama - Richmond ,No,907,Japanese ,,,,51.48027,-0.23754,
Richmond Upon Thames ,Noci Richmond ,No,908,Japanese ,,,,51.48027,-0.23754,
Richmond Upon Thames ,The Alberts Deli,Yes,909,Café,,,,51.48027,-0.23754,
Richmond Upon Thames ,Nando's Richmond ,No,910,African,,,,51.48027,-0.23754,
Richmond Upon Thames ,Caffe Mamma ,No,911,Italian ,,,,51.48027,-0.23754,
Richmond Upon Thames ,Old Ship ,No,912,Modern European,,,,51.48027,-0.23754,
Richmond Upon Thames ,Leon Richmond ,Yes,913,Café,,,,51.48027,-0.23754,
Richmond Upon Thames ,Four Regions ,No,914,Chinese,,,,51.48027,-0.23754,
Richmond Upon Thames ,Chango Empanadas Richmond ,No,915,Steak,,,,51.48027,-0.23754,
Richmond Upon Thames ,Seaol Bites,Yes,916,Korean,,,,51.48027,-0.23754,
Richmond Upon Thames ,Raitakral Thai Richmond,Yes,917,Pan Asian,,,,51.48027,-0.23754,
Richmond Upon Thames ,Hanana Sushi ,Yes,918,Japanese ,,,,51.48027,-0.23754,
Richmond Upon Thames ,Thai Elephant Richmond ,No,919,Pan Asian,,,,51.48027,-0.23754,
Richmond Upon Thames ,Matsuba,No,920,Japanese ,,,,51.48027,-0.23754,
Richmond Upon Thames ,Lebanese Bites ,Yes,921,Lebanese,,,,51.48027,-0.23754,
Richmond Upon Thames ,Thai Upon Thames ,Yes,922,Pan Asian,,,,51.48027,-0.23754,
Richmond Upon Thames ,Mada Turkish Restaurant ,Yes,923,Turkish,,,,51.48027,-0.23754,
Richmond Upon Thames ,Chatora ,No,924,South Asian ,,,,51.48027,-0.23754,
Richmond Upon Thames ,Jojo's Peri Peri ,Yes,925,Fast Food,,,,51.48027,-0.23754,
Richmond Upon Thames ,Madhu's Brasserie Richmond ,Yes,926,South Asian ,,,,51.48027,-0.23754,
Richmond Upon Thames ,The Dragon Inn,No,927,Chinese,,,,51.48027,-0.23754,
Southwark ,Bala Baya Restaurant ,Yes,928,Mediterranean ,,,,51.50541,-0.08919,
Southwark ,Honest Burgers - Borough Market,No,929,Fast Food,,,,51.50541,-0.08919,
Southwark ,Caravan ,No,930,Modern European,,,,51.50541,-0.08919,
Southwark ,Arabica - Borough Market ,Yes,931,Café,,,,51.50541,-0.08919,
Southwark ,Hawksmoor - Borough Market,No,932,Steak,,,,51.50541,-0.08919,
Southwark ,Lantana London Bridge,No,933,Modern European,,,,51.50541,-0.08919,
Southwark ,The Breakfast Club - London Bridge ,No,934,American,,,,51.50541,-0.08919,
Southwark ,The Refinery ,No,935,Modern European,,,,51.50541,-0.08919,
Southwark ,Tas Restaurant ,Yes,936,Turkish,,,,51.50541,-0.08919,
Southwark ,Gourmet Bar London Bridge ,No,937,Modern European,,,,51.50541,-0.08919,
Southwark ,Black & Blue ,No,938,Steak,,,,51.50541,-0.08919,
Southwark ,Flat Iron - London Bridge ,No,939,Steak,,,,51.50541,-0.08919,
Southwark ,Applebee's - Fish and Seafood ,No,940,Mediterranean ,,,,51.50541,-0.08919,
Southwark ,Yen Burger ,Yes,941,Fast Food,,,,51.50541,-0.08919,
Southwark ,Nando's Southwark Arches,No,942,African,,,,51.50541,-0.08919,
Southwark ,Tonkotsu Riverside ,No,943,Modern European,,,,51.50541,-0.08919,
Southwark ,Mango Indian ,Yes,944,South Asian ,,,,51.50541,-0.08919,
Southwark ,Lobos Meat and Tapa,Yes,945,Steak,,,,51.50541,-0.08919,
Southwark ,Bao - Borough Market,Yes,946,Korean,,,,51.50541,-0.08919,
Southwark ,Tower Tandoori ,Yes,947,South Asian ,,,,51.50541,-0.08919,
Southwark ,Gaucho Tower Bridge ,No,948,Steak,,,,51.50541,-0.08919,
Southwark ,Carnival Pot ,No,949,Caribbean,,,,51.50541,-0.08919,
Southwark ,Seoul Tokyo ,Yes,950,Pan Asian,,,,51.50541,-0.08919,
Southwark ,Crystal China ,No,951,Chinese,,,,51.50541,-0.08919,
Southwark ,Wagamama - Bankside ,No,952,Japanese ,,,,51.50541,-0.08919,
Southwark ,Gunpowder Tower Bridge ,Yes,953,South Asian ,,,,51.50541,-0.08919,
Southwark ,Phat Bite Southwark ,Yes,954,Fast Food,,,,51.50541,-0.08919,
Southwark ,Honest burger - Waterloo,No,955,Fast Food,,,,51.50541,-0.08919,
Southwark ,Lokma Turkish Grill & Bar,Yes,956,Turkish,,,,51.50541,-0.08919,
Southwark ,Leon Bankside,No,957,Café,,,,51.50541,-0.08919,
Southwark ,Indian Gourmet ,Yes,958,South Asian ,,,,51.50541,-0.08919,
Southwark ,Gordon Ramsay Street Pizza- Southwark ,Yes,959,Fast Food,,,,51.50541,-0.08919,
Sutton ,Casa Nostra Restaurant ,No,960,Modern European,,,,51.48600417,-0.269183067,
Sutton ,Bab Bab Korean Restaurant ,No,961,Korean,,,,51.48600417,-0.269183067,
Sutton ,Spaghetti Tree,No,962,Italian ,,,,51.48600417,-0.269183067,
Sutton ,Tiempo Lounge ,No,963,Café,,,,51.48600417,-0.269183067,
Sutton ,Inaka ,Yes,964,Japanese ,,,,51.48600417,-0.269183067,
Sutton ,Kokoro Sutton ,Yes,965,Japanese ,,,,51.48600417,-0.269183067,
Sutton ,Sofra Grill ,Yes,966,Grill/Kebab,,,,51.48600417,-0.269183067,
Sutton ,Butterchurn ,Yes,967,Modern European,,,,51.48600417,-0.269183067,
Sutton ,Aya Lebanese Cuisine Suttom ,Yes,968,Lebanese,,,,51.48600417,-0.269183067,
Sutton ,Nando's Sutton ,No,969,African ,,,,51.48600417,-0.269183067,
Sutton ,Village Charcial Grill,Yes,970,Grill/Kebab,,,,51.48600417,-0.269183067,
Sutton ,Perizza,Yes,971,Italian ,,,,51.48600417,-0.269183067,
Sutton ,Poppins Sutton ,No,972,Café,,,,51.48600417,-0.269183067,
Sutton ,Dosa Bhavan Sutton ,Yes,973,South Asian ,,,,51.48600417,-0.269183067,
Sutton ,Ali Bey ,Yes,974,South Asian ,,,,51.48600417,-0.269183067,
Sutton ,Bangkok Pad Thai ,Yes,975,Pan Asian,,,,51.48600417,-0.269183067,
Sutton ,Crispy Dosa - Sutton ,Yes,976,South Asian ,,,,51.48600417,-0.269183067,
Sutton ,Old Bank Sutton ,No,977,Modern European,,,,51.48600417,-0.269183067,
Sutton ,The Tava Shop Sutton ,No,978,South Asian ,,,,51.48600417,-0.269183067,
Sutton ,Dallas Chcken & Ribs - Sutton ,Yes,979,Fast Food,,,,51.48600417,-0.269183067,
Sutton ,Lord Nelson ,No,980,Modern European,,,,51.48600417,-0.269183067,
Sutton ,Lahore Spices,Yes,981,South Asian ,,,,51.48600417,-0.269183067,
Sutton ,Jaffna Spice ,Yes,982,South Asian ,,,,51.48600417,-0.269183067,
Sutton ,Caffe Kiko ,Yes,983,Café,,,,51.48600417,-0.269183067,
Sutton ,Sam's Chicken Sutton,Yes,984,Fast Food,,,,51.48600417,-0.269183067,
Sutton ,Zaaffran Restaurant ,Yes,985,South Asian ,,,,51.48600417,-0.269183067,
Sutton ,Siam Signature Thai ,Yes,986,Pan Asian,,,,51.48600417,-0.269183067,
Sutton ,Heen's,Yes,987,South Asian ,,,,51.48600417,-0.269183067,
Sutton ,Chef Cheer,No,988,Mediterranean ,,,,51.48600417,-0.269183067,
Sutton ,Avra ,No,989,Mediterranean ,,,,51.48600417,-0.269183067,
Sutton ,Yummeal,Yes,990,Chinese ,,,,51.48600417,-0.269183067,
Sutton ,Sushi Tama,No,991,Japanese ,,,,51.48600417,-0.269183067,
Sutton ,The Sound Lounge ,No,992,Modern European,,,,51.48600417,-0.269183067,
Sutton ,Roti Masters,Yes,993,South Asian ,,,,51.48600417,-0.269183067,
Sutton ,New Golden Gate ,Yes,994,South Asian ,,,,51.48600417,-0.269183067,
Tower Hamlets ,The Ivy Canary Wharf,No,995,Pan Asian,,,,51.52022,-0.05431,
Tower Hamlets ,Coco Canary Wharf,Yes,996,Modern European,,,,51.52022,-0.05431,
Tower Hamlets ,Coco Tower Bridge ,Yes,997,Modern European,,,,51.52022,-0.05431,
Tower Hamlets ,Dishoom Canary Wharf,Yes,998,South Asian ,,,,51.52022,-0.05431,
Tower Hamlets ,Roka Canary Wharf,Yes,999,Japanese ,,,,51.52022,-0.05431,
Tower Hamlets ,Gaucho Canary Wharf,No,1000,Steak,,,,51.52022,-0.05431,
Tower Hamlets ,Hawksmoor Canary Wharf,No,1001,Steak,,,,51.52022,-0.05431,
Tower Hamlets ,Marugome Udon Canary Wharf,Yes,1002,Japanese ,,,,51.52022,-0.05431,
Tower Hamlets ,Mala ,Yes,1003,South Asian ,,,,51.52022,-0.05431,
Tower Hamlets ,Bokan 37,Yes,1004,Modern European,,,,51.52022,-0.05431,
Tower Hamlets ,Hazev,Yes,1005,Turkish,,,,51.52022,-0.05431,
Tower Hamlets ,Wagamama - Canary Wharf,No,1006,Japanese ,,,,51.52022,-0.05431,
Tower Hamlets ,Nando's Canary Wharf,Yes,1007,African ,,,,51.52022,-0.05431,
Tower Hamlets ,Moira Restaurant ,Yes,1008,Turkish,,,,51.52022,-0.05431,
Tower Hamlets ,Byblos Harbour ,Yes,1009,Lebanese,,,,51.52022,-0.05431,
Tower Hamlets ,Kyla's Café ,Yes,1010,Café,,,,51.52022,-0.05431,
Tower Hamlets ,Burger & Beyond ,Yes,1011,Fast Food,,,,51.52022,-0.05431,
Tower Hamlets ,Patty & Bun Canary Wharf,Yes,1012,Fast Food,,,,51.52022,-0.05431,
Tower Hamlets ,Farmer J - Canary Wharf ,Yes,1013,American,,,,51.52022,-0.05431,
Tower Hamlets ,Seoul Bird Canary Wharf,Yes,1014,Korean,,,,51.52022,-0.05431,
Tower Hamlets ,Smoke End Steakhouse ,Yes,1015,Steak,,,,51.52022,-0.05431,
Tower Hamlets ,Stroudley Grill & PFC,Yes,1016,Fast Food,,,,51.52022,-0.05431,
Tower Hamlets ,Sultan Sofrasi ,Yes,1017,Turkish,,,,51.52022,-0.05431,
Tower Hamlets ,Alanya Turkish With Fusion ,Yes,1018,Turkish,,,,51.52022,-0.05431,
Tower Hamlets ,Grounded ,Yes,1019,Café,,,,51.52022,-0.05431,
Tower Hamlets ,Meat Up ,Yes,1020,Fast Food,,,,51.52022,-0.05431,
Tower Hamlets ,Smoke and Pepper - Bow Triangle ,Yes,1021,Fast Food,,,,51.52022,-0.05431,
Tower Hamlets ,Bun & Sum - Bow Triangle ,Yes,1022,Fast Food,,,,51.52022,-0.05431,
Tower Hamlets ,Bun & Sum - Whitechapel,Yes,1023,Fast Food,,,,51.52022,-0.05431,
Tower Hamlets ,Holy Smokes BBQ,Yes,1024,Fast Food,,,,51.52022,-0.05431,
Tower Hamlets ,Hashtag Loaded ,Yes,1025,Fast Food,,,,51.52022,-0.05431,
Tower Hamlets ,Shish Turkish Restaurant,Yes,1026,Turkish,,,,51.52022,-0.05431,
Tower Hamlets ,Bow Grill ,Yes,1027,Grill/Kebab,,,,51.52022,-0.05431,
Tower Hamlets ,Nando's Mile End,Yes,1028,African ,,,,51.52022,-0.05431,
Tower Hamlets ,Mr Wong Wok & Box ,Yes,1029,Chinese,,,,51.52022,-0.05431,
Tower Hamlets ,Afrikana - Mile End,Yes,1030,African ,,,,51.52022,-0.05431,
Tower Hamlets ,The Munch Plug ,Yes,1031,Fast Food,,,,51.52022,-0.05431,
Tower Hamlets ,Adana Restaurant - Bethnal Green ,Yes,1032,Turkish,,,,51.52022,-0.05431,
Tower Hamlets ,Phatforlife,Yes,1033,Fast Food,,,,51.52022,-0.05431,
Tower Hamlets ,Simply Smashed ,Yes,1034,Fast Food,,,,51.52022,-0.05431,
Tower Hamlets ,Momlette,Yes,1035,South Asian ,,,,51.52022,-0.05431,
Tower Hamlets ,Al Safa Grill Mile End,Yes,1036,Grill/Kebab,,,,51.52022,-0.05431,
Tower Hamlets ,Efes Restaurant ,Yes,1037,Turkish,,,,51.52022,-0.05431,
Tower Hamlets ,Andy's Burgers ,Yes,1038,Fast Food,,,,51.52022,-0.05431,
Tower Hamlets ,Delizia ,Yes,1039,Café,,,,51.52022,-0.05431,
Tower Hamlets ,Tacosmash ,Yes,1040,Fast Food,,,,51.52022,-0.05431,
Tower Hamlets ,KHF Stepney ,Yes,1041,Fast Food,,,,51.52022,-0.05431,
Tower Hamlets ,Johnny Walls ,Yes,1042,Café,,,,51.52022,-0.05431,
Tower Hamlets ,Sahara Grill Whitechapel ,Yes,1043,Grill/Kebab,,,,51.52022,-0.05431,
Tower Hamlets ,DanDan Restaurant ,Yes,1044,Chinese,,,,51.52022,-0.05431,
Tower Hamlets ,Tayyabs,Yes,1045,South Asian ,,,,51.52022,-0.05431,
Tower Hamlets ,Mr White's English Chophouse ,Yes,1046,Steak,,,,51.52022,-0.05431,
Tower Hamlets ,Chapati Man ,Yes,1047,South Asian ,,,,51.52022,-0.05431,
Tower Hamlets ,Du'aa Diner,Yes,1048,South Asian ,,,,51.52022,-0.05431,
Tower Hamlets ,Grounded London Whitechapel ,Yes,1049,Café,,,,51.52022,-0.05431,
Tower Hamlets ,Hichki ,Yes,1050,South Asian ,,,,51.52022,-0.05431,
Tower Hamlets ,Munch Yard,Yes,1051,Fast Food,,,,51.52022,-0.05431,
Tower Hamlets ,Bento Bab,Yes,1052,Korean,,,,51.52022,-0.05431,
Tower Hamlets ,The Burger Firm ,Yes,1053,Fast Food,,,,51.52022,-0.05431,
Tower Hamlets ,The Hungry Cow ,Yes,1054,Fast Food,,,,51.52022,-0.05431,
Tower Hamlets ,Burgers LDN - Aldgate ,Yes,1055,Fast Food,,,,51.52022,-0.05431,
Tower Hamlets ,Mehmet Efendi ,Yes,1056,Turkish,,,,51.52022,-0.05431,
Tower Hamlets ,Café East ,Yes,1057,Café,,,,51.52022,-0.05431,
Tower Hamlets ,Fiore Deli Amore,Yes,1058,Italian ,,,,51.52022,-0.05431,
Tower Hamlets ,Mowchi Mile End ,Yes,1059,Korean,,,,51.52022,-0.05431,
Tower Hamlets ,Wok and Roll,Yes,1060,Pan Asian,,,,51.52022,-0.05431,
Tower Hamlets ,Bari Bari,Yes,1061,Korean,,,,51.52022,-0.05431,
Tower Hamlets ,The Sushi Bar,Yes,1062,Japanese ,,,,51.52022,-0.05431,
Tower Hamlets ,Chicos - Bricklane ,Yes,1063,Fast Food,,,,51.52022,-0.05431,
Tower Hamlets ,Kinkao,Yes,1064,Pan Asian,,,,51.52022,-0.05431,
Tower Hamlets ,Monster Burger -Whitechapel,Yes,1065,Fast Food,,,,51.52022,-0.05431,
Tower Hamlets ,Side Street Burgers Bricklane ,Yes,1066,Fast Food,,,,51.52022,-0.05431,
Tower Hamlets ,The Ottoman Doner,Yes,1067,Fast Food,,,,51.52022,-0.05431,
Tower Hamlets ,Buddies ,Yes,1068,Fast Food,,,,51.52022,-0.05431,
Tower Hamlets ,Dulce Coffee London ,Yes,1069,Café,,,,51.52022,-0.05431,
Waltham Forest,The Kitchen ,Yes,1070,Modern European,,,,51.63061321,-0.016274914,
Waltham Forest,Gokyuzu Walthamstow,Yes,1071,Turkish,,,,51.63061321,-0.016274914,
Waltham Forest,Gunes Restauramt ,Yes,1072,Turkish,,,,51.63061321,-0.016274914,
Waltham Forest,Turtle Bay Walthamstow,No,1073,Caribbean,,,,51.63061321,-0.016274914,
Waltham Forest,The Lacy Nook,No,1074,Mediterranean ,,,,51.63061321,-0.016274914,
Waltham Forest,La Baita,Yes,1075,Turkish,,,,51.63061321,-0.016274914,
Waltham Forest,Etles Uyghur ,Yes,1076,Chinese,,,,51.63061321,-0.016274914,
Waltham Forest,Yasar's Kitchen ,Yes,1077,Turkish,,,,51.63061321,-0.016274914,
Waltham Forest,Mezze on the Green ,Yes,1078,Mediterranean ,,,,51.63061321,-0.016274914,
Waltham Forest,Filika Restaurant Wanstead,Yes,1079,Mediterranean ,,,,51.63061321,-0.016274914,
Waltham Forest,Otto Restaurant Bar,Yes,1080,Mediterranean ,,,,51.63061321,-0.016274914,
Waltham Forest,Yaz Restaurant,Yes,1081,Mediterranean ,,,,51.63061321,-0.016274914,
Waltham Forest,Franzos Walthamstow,Yes,1082,Grill/Kebab,,,,51.63061321,-0.016274914,
Waltham Forest,Taro Walthamstow ,No,1083,Japanese ,,,,51.63061321,-0.016274914,
Waltham Forest,Smart Buns Walthamstow,No,1084,Fast Food,,,,51.63061321,-0.016274914,
Waltham Forest,Forest Tandoori Walthamstow ,Yes,1085,South Asian ,,,,51.63061321,-0.016274914,
Waltham Forest,Lulyana Café,Yes,1086,Café,,,,51.63061321,-0.016274914,
Waltham Forest,Teras Restaurant ,Yes,1087,Turkish,,,,51.63061321,-0.016274914,
Waltham Forest,Nando's Walthamstow,Yes,1088,African ,,,,51.63061321,-0.016274914,
Waltham Forest,Chilli Flames,Yes,1089,Fast Food,,,,51.63061321,-0.016274914,
Waltham Forest,Bruce Burgers,No,1090,Fast Food,,,,51.63061321,-0.016274914,
Waltham Forest,Chopstix - Walthamstow,Yes,1091,Pan Asian,,,,51.63061321,-0.016274914,
Waltham Forest,Ting Tong Thai Café,No,1092,Pan Asian,,,,51.63061321,-0.016274914,
Waltham Forest,Oodles Wok Walthamstow,Yes,1093,Pan Asian,,,,51.63061321,-0.016274914,
Waltham Forest,Bim's Walthamstow ,Yes,1094,Fast Food,,,,51.63061321,-0.016274914,
Waltham Forest,Koz Restaurant ,Yes,1095,Mediterranean ,,,,51.63061321,-0.016274914,
Waltham Forest,Devran ,No,1096,Turkish ,,,,51.63061321,-0.016274914,
Waltham Forest,Roosters Piri Piri Walthamstow ,Yes,1097,Fast Food,,,,51.63061321,-0.016274914,
Wandsworth ,Hotaru,No,1098,Japanese ,,,,51.45682,-0.19452,
Wandsworth ,Smoky Boys Wandsworth,Yes,1099,Fast Food,,,,51.45682,-0.19452,
Wandsworth ,Banana Tree Batterseaa,Yes,1100,Pan Asian,,,,51.45682,-0.19452,
Wandsworth ,Wagamama - Wandsworth,No,1101,Japanese ,,,,51.45682,-0.19452,
Wandsworth ,Sushi Moka ,Yes,1102,Japanese ,,,,51.45682,-0.19452,
Wandsworth ,Numero Uno,No,1103,Italian ,,,,51.45682,-0.19452,
Wandsworth ,Palm Riverside Wandsworth,Yes,1104,Lebanese,,,,51.45682,-0.19452,
Wandsworth ,Nando's Wandsworth,No,1105,African ,,,,51.45682,-0.19452,
Wandsworth ,Nando's Battersea,No,1106,African ,,,,51.45682,-0.19452,
Wandsworth ,Coppa Club Putney,Yes,1107,Modern European,,,,51.45682,-0.19452,
Wandsworth ,Megan's Battersea Power Station,No,1108,Modern European,,,,51.45682,-0.19452,
Wandsworth ,Dishoom Battersea,Yes,1109,South Asian ,,,,51.45682,-0.19452,
Wandsworth ,Solis Battersea,Yes,1110,Modern European,,,,51.45682,-0.19452,
Wandsworth ,Noci Battersea,Yes,1111,Japanese ,,,,51.45682,-0.19452,
Wandsworth ,Tasha's Battersea,Yes,1112,African ,,,,51.45682,-0.19452,
Wandsworth ,Roti King Battersea,Yes,1113,South Asian ,,,,51.45682,-0.19452,
Wandsworth ,Cinnamon Kitchen ,Yes,1114,South Asian ,,,,51.45682,-0.19452,
Wandsworth ,The Alchemist Battersea,No,1115,Modern European,,,,51.45682,-0.19452,
Wandsworth ,Bao Battersea,No,1116,Pan Asian,,,,51.45682,-0.19452,
Wandsworth ,Gordon Ramsay Street Pizza - Battersea,Yes,1117,Modern European,,,,51.45682,-0.19452,
Wandsworth ,Cheatmeals Battersea,Yes,1118,Fast Food,,,,51.45682,-0.19452,
Wandsworth ,Kibou Japanese ,No,1119,Japanese ,,,,51.45682,-0.19452,
Wandsworth ,Kizana ,No,1120,Japanese ,,,,51.45682,-0.19452,
Wandsworth ,Bangkok Bay ,No,1121,Pan Asian,,,,51.45682,-0.19452,
Wandsworth ,Wagamama Battersea Power Station ,No,1122,Japanese ,,,,51.45682,-0.19452,
Wandsworth ,Pad Thai Story ,No,1123,Pan Asian,,,,51.45682,-0.19452,
Westminister ,Sapori ,Yes,1124,Italian ,,,,51.5001,-0.12803,
Westminister ,Bon Gusto ,No,1125,Italian ,,,,51.5001,-0.12803,
Westminister ,Mio Restaurant & Bar,No,1126,Italian ,,,,51.5001,-0.12803,
Westminister ,Quilon,Yes,1127,South Asian ,,,,51.5001,-0.12803,
Westminister ,Noble Palace ,No,1128,Chinese ,,,,51.5001,-0.12803,
Westminister ,Bill's Victoria Restaurant ,No,1129,Modern European,,,,51.5001,-0.12803,
Westminister ,Gianni's ,No,1130,Italian ,,,,51.5001,-0.12803,
Westminister ,The Ivy Victoria ,Yes,1131,Pan Asian,,,,51.5001,-0.12803,
Westminister ,The Curry Room ,Yes,1132,South Asian ,,,,51.5001,-0.12803,
Westminister ,Lebanese Gardens ,Yes,1133,lebanese,,,,51.5001,-0.12803,
Westminister ,Sheesh ,Yes,1134,Mediterranean ,,,,51.5001,-0.12803,
Westminister ,The Ritz,Yes,1135,Modern European,,,,51.5001,-0.12803,
Westminister ,Thai Square ,No,1136,Pan Asian,,,,51.5001,-0.12803,
Westminister ,Flat Iron - Covent Garden ,No,1137,Steak,,,,51.5001,-0.12803,
Westminister ,Gaucho - Covent Garden ,No,1138,Steak,,,,51.5001,-0.12803,
Westminister ,Dishoom Covent Garden ,Yes,1139,South Asian ,,,,51.5001,-0.12803,
Westminister ,Christophers ,Yes,1140,Modern European,,,,51.5001,-0.12803,
Westminister ,Ave Mario ,No,1141,Italian ,,,,51.5001,-0.12803,
Westminister ,Paro Covent Garden ,Yes,1142,South Asian ,,,,51.5001,-0.12803,
Westminister ,Browns Covent Garden ,No,1143,Café,,,,51.5001,-0.12803,
Westminister ,Apple Butter,Yes,1144,Café,,,,51.5001,-0.12803,
Westminister ,Violas ,Yes,1145,Café,,,,51.5001,-0.12803,
Westminister ,Banana Tree Covent Garden ,Yes,1146,Pan Asian,,,,51.5001,-0.12803,
Westminister ,Yori ,Yes,1147,Japanese ,,,,51.5001,-0.12803,
Westminister ,Buns and Buns ,Yes,1148,Korean ,,,,51.5001,-0.12803,
Westminister ,Meat Bros ,Yes,1149,Steak,,,,51.5001,-0.12803,
Westminister ,Hayat Paddington,Yes,1150,Turkish,,,,51.5001,-0.12803,
Westminister ,Mihbaj ,Yes,1151,Turkish,,,,51.5001,-0.12803,
Westminister ,Bonata,No,1152,Modern European,,,,51.5001,-0.12803,
Westminister ,Angus Steakhouse Paddington ,No,1153,Steak,,,,51.5001,-0.12803,
Westminister ,Vapiano Paddington ,Yes,1154,Italian ,,,,51.5001,-0.12803,
Westminister ,Zanchi Korean Restaurant ,No,1155,Korean ,,,,51.5001,-0.12803,
Westminister ,Pearl Liang ,No,1156,Chinese ,,,,51.5001,-0.12803,
Westminister ,Wagamama Paddington ,No,1157,Japanese ,,,,51.5001,-0.12803,
Westminister ,Milk Beach Soho ,Yes,1158,Café,,,,51.5001,-0.12803,
Westminister ,Barrafina Dean Street,Yes,1159,Modern European,,,,51.5001,-0.12803,
Westminister ,Assa,Yes,1160,Korean ,,,,51.5001,-0.12803,
Westminister ,Dirty Bones ,Yes,1161,Pan Asian,,,,51.5001,-0.12803,
Westminister ,Bao Soho ,Yes,1162,Korean ,,,,51.5001,-0.12803,
Westminister ,Banana Tree Soho ,Yes,1163,Pan Asian,,,,51.5001,-0.12803,
Westminister ,Le Bab Soho,Yes,1164,Mediterranean ,,,,51.5001,-0.12803,
Westminister ,The Chicken Shop ,Yes,1165,Fast Food,,,,51.5001,-0.12803,
Westminister ,Kapara Soho ,Yes,1166,Mediterranean ,,,,51.5001,-0.12803,
Westminister ,Koya Soho ,Yes,1167,Pan Asian,,,,51.5001,-0.12803,
Westminister ,Dishoom Carnaby ,Yes,1168,South Asian ,,,,51.5001,-0.12803,
Westminister ,Fuwa Fuwa ,Yes,1169,Korean ,,,,51.5001,-0.12803,
Westminister ,Hefaure ,Yes,1170,Korean ,,,,51.5001,-0.12803,
Westminister ,PF Changs ,Yes,1171,Chinese ,,,,51.5001,-0.12803,
Westminister ,EL&N Café,Yes,1172,Café,,,,51.5001,-0.12803,
Westminister ,Bone Daddies Soho ,Yes,1173,Pan Asian,,,,51.5001,-0.12803,
Westminister ,Walk to Wok Oxford Circus,Yes,1174,Pan Asian,,,,51.5001,-0.12803,
Westminister ,Sofra Restaurant ,Yes,1175,Turkish,,,,51.5001,-0.12803,
Westminister ,Gopal's Corner ,Yes,1176,South Asian ,,,,51.5001,-0.12803,
Westminister ,The Burgeri ,Yes,1177,Fast Food,,,,51.5001,-0.12803,
Westminister ,Alto By San Carlo ,Yes,1178,Italian ,,,,51.5001,-0.12803,
Westminister ,Drunch Oxford Circus,Yes,1179,Café,,,,51.5001,-0.12803,
Westminister ,Crome ,Yes,1180,Café,,,,51.5001,-0.12803,
Westminister ,Busaba St Christopher's Place,Yes,1181,Pan Asian,,,,51.5001,-0.12803,
Westminister ,Harry's Marylebone,No,1182,Modern European,,,,51.5001,-0.12803,
Westminister ,Filli Café,Yes,1183,Café,,,,51.5001,-0.12803,
Westminister ,Jak's Mayfair ,Yes,1184,Modern European,,,,51.5001,-0.12803,
Westminister ,Kahani ,Yes,1185,South Asian ,,,,51.5001,-0.12803,
Westminister ,The Ivy Asia Mayfair ,Yes,1186,Pan Asian,,,,51.5001,-0.12803,
Westminister ,Bone Daddies Bond Street,Yes,1187,Pan Asian,,,,51.5001,-0.12803,
Westminister ,Patty & Bun James Street,Yes,1188,Fast Food,,,,51.5001,-0.12803,
Westminister ,Zula Marble Arch ,Yes,1189,Fast Food,,,,51.5001,-0.12803,
Westminister ,Dave's Hot Chicken ,Yes,1190,Fast Food,,,,51.5001,-0.12803,
Westminister ,Wingsman ,Yes,1191,Fast Food,,,,51.5001,-0.12803,
Westminister ,Franksters,Yes,1192,Fast Food,,,,51.5001,-0.12803,
Westminister ,Slims Chicken - Bond Street,Yes,1193,Fast Food,,,,51.5001,-0.12803,
Westminister ,Coqfighter Soho,Yes,1194,Fast Food,,,,51.5001,-0.12803,
Westminister ,Fat Punditt,Yes,1195,Pan Asian,,,,51.5001,-0.12803,
Westminister ,Rasa Sayang ,Yes,1196,South Asian ,,,,51.5001,-0.12803,
Westminister ,Bunsik - China Town ,Yes,1197,Korean ,,,,51.5001,-0.12803,
Westminister ,1947,Yes,1198,South Asian ,,,,51.5001,-0.12803,
Westminister ,Hankies,Yes,1199,South Asian ,,,,51.5001,-0.12803,
Westminister ,Roti Chai,Yes,1200,South Asian ,,,,51.5001,-0.12803,
Westminister ,Farzi Café,Yes,1201,South Asian ,,,,51.5001,-0.12803,
Westminister ,Mozart Concierge,Yes,1202,Café,,,,51.5001,-0.12803,
Westminister ,Bafarat Soho,Yes,1203,Café,,,,51.5001,-0.12803,
Westminister ,Kula Café - Bond Street ,Yes,1204,Café,,,,51.5001,-0.12803,
Westminister ,Boulevard London - Regents Park ,Yes,1205,Café,,,,51.5001,-0.12803,
Westminister ,Fait Maison - Bond Street,Yes,1206,Mediterranean ,,,,51.5001,-0.12803,
Westminister ,The Ivy City Garden ,Yes,1207,Pan Asian,,,,51.5001,-0.12803,
City of London ,The Ivy Asia St Paul's ,Yes,1208,Pan Asian,,,,51.5205,-0.09743,
City of London ,Humble Grape ,Yes,1209,Modern European,,,,51.5205,-0.09743,
City of London ,Shiro Sushi ,Yes,1210,Japanese ,,,,51.5205,-0.09743,
City of London ,Duck and Waffle ,Yes,1211,Modern European,,,,51.5205,-0.09743,
City of London ,Sushi Samba ,Yes,1212,Japanese ,,,,51.5205,-0.09743,
City of London ,Patty & Bun Liverpool Street ,Yes,1213,Fast Food,,,,51.5205,-0.09743,
City of London ,Shoryu Ramen ,No,1214,Pan Asian,,,,51.5205,-0.09743,
City of London ,Haz ,Yes,1215,Turkish,,,,51.5205,-0.09743,
City of London ,Eataly London ,No,1216,Italian ,,,,51.5205,-0.09743,
City of London ,Piccolino Exchange Square,Yes,1217,Italian ,,,,51.5205,-0.09743,
City of London ,Roti King ,Yes,1218,South Asian ,,,,51.5205,-0.09743,
City of London ,Cinnamon Kitchen ,Yes,1219,South Asian ,,,,51.5205,-0.09743,
City of London ,Baraka Restaurant London ,Yes,1220,Turkish,,,,51.5205,-0.09743,
City of London ,Mumbai Sqaure,Yes,1221,South Asian ,,,,51.5205,-0.09743,
City of London ,Honest Burgers Spitalfields,No,1222,Fast Food,,,,51.5205,-0.09743,
City of London ,14 Hills,No,1223,Modern European,,,,51.5205,-0.09743,
City of London ,Searcys at The Gherkin,No,1224,Modern European,,,,51.5205,-0.09743,
City of London ,Brigadiers,Yes,1225,South Asian ,,,,51.5205,-0.09743,
City of London ,Bengal Tiger,Yes,1226,South Asian ,,,,51.5205,-0.09743,